PassengerId,Survived,Pclass,Sex,Age,SibSp,Parch,Fare,Embarked
1,0,3,1,-0.5636740664747023,0.4313502389523841,-0.4743258521037861,-0.5002397510893574,2
2,1,1,0,0.6692169576775449,0.4313502389523841,-0.4743258521037861,0.788946607905507,0
3,1,3,0,-0.2554513104366405,-0.4751990812099552,-0.4743258521037861,-0.48664993466069395,2
4,1,1,0,0.4380498906489985,0.4313502389523841,-0.4743258521037861,0.4228611129909654,2
5,0,3,1,0.4380498906489985,-0.4751990812099552,-0.4743258521037861,-0.4841333019887193,2
6,0,3,1,-0.10133993241760961,-0.4751990812099552,-0.4743258521037861,-0.47591297302898106,1
7,0,1,1,1.902107981829792,-0.4751990812099552,-0.4743258521037861,0.39794644953841574,2
8,0,3,1,-2.104787846665011,2.244448879277063,0.7658967435440545,-0.22190017756895475,2
9,1,3,0,-0.17839562142712506,-0.4751990812099552,2.006119339191895,-0.4220570338487224,2
10,1,2,0,-1.1801195785508258,0.4313502389523841,-0.4743258521037861,-0.040787184044554156,0
11,1,3,0,-1.9506764686459803,0.4313502389523841,0.7658967435440545,-0.3099823210880695,2
12,1,1,0,2.210330737867854,-0.4751990812099552,-0.4743258521037861,-0.11167166653646252,2
13,0,3,1,-0.7177854444937332,-0.4751990812099552,-0.4743258521037861,-0.4841333019887193,2
14,0,3,1,0.7462726466870603,0.4313502389523841,5.726787126135417,-0.016542951535818605,2
15,0,3,0,-1.1801195785508258,-0.4751990812099552,-0.4743258521037861,-0.4880753554061005,2
16,1,2,0,1.9791636708393074,-0.4751990812099552,-0.4743258521037861,-0.32407546405112786,2
17,0,3,1,-2.104787846665011,3.1509981994394023,0.7658967435440545,-0.05982903349378355,1
18,1,2,1,-0.10133993241760961,-0.4751990812099552,-0.4743258521037861,-0.38447464817852084,2
19,0,3,0,0.12982713461093673,0.4313502389523841,-0.4743258521037861,-0.28380934129953256,2
20,1,3,0,-0.10133993241760961,-0.4751990812099552,-0.4743258521037861,-0.5007430776237524,0
21,0,2,1,0.4380498906489985,-0.4751990812099552,-0.4743258521037861,-0.12274485029315124,2
22,1,2,1,0.36099420163948304,-0.4751990812099552,-0.4743258521037861,-0.38447464817852084,2
23,1,3,0,-1.1030638895413103,-0.4751990812099552,-0.4743258521037861,-0.48455206966533587,1
24,1,1,1,-0.10133993241760961,-0.4751990812099552,-0.4743258521037861,0.06851923277692655,2
25,0,3,0,-1.6424537126079184,2.244448879277063,0.7658967435440545,-0.22190017756895475,2
26,1,3,0,0.6692169576775449,0.4313502389523841,5.726787126135417,-0.014277982131041355,2
27,0,3,1,-0.10133993241760961,-0.4751990812099552,-0.4743258521037861,-0.5007430776237524,0
28,0,1,1,-0.7948411335032486,2.244448879277063,2.006119339191895,4.648790695770894,2
29,1,3,0,-0.10133993241760961,-0.4751990812099552,-0.4743258521037861,-0.4875720288717055,1
30,0,3,1,-0.10133993241760961,-0.4751990812099552,-0.4743258521037861,-0.48723782005286725,2
31,0,1,1,0.8233283356965757,-0.4751990812099552,-0.4743258521037861,-0.08809987827767862,0
32,1,1,0,-0.10133993241760961,0.4313502389523841,-0.4743258521037861,2.3037078131670836,0
33,1,3,0,-0.10133993241760961,-0.4751990812099552,-0.4743258521037861,-0.49017322040145855,1
34,0,2,1,2.8267762499439777,-0.4751990812099552,-0.4743258521037861,-0.434807301618015,2
35,0,1,1,-0.10133993241760961,0.4313502389523841,-0.4743258521037861,1.008145313634504,0
36,0,1,1,0.9774397137156066,0.4313502389523841,-0.4743258521037861,0.40071474547758795,2
37,1,3,1,-0.10133993241760961,-0.4751990812099552,-0.4743258521037861,-0.500658518765974,0
38,0,3,1,-0.6407297554842177,-0.4751990812099552,-0.4743258521037861,-0.4841333019887193,2
39,0,3,0,-0.871896822512764,1.3378995591147234,-0.4743258521037861,-0.28380934129953256,2
40,1,3,0,-1.1801195785508258,0.4313502389523841,-0.4743258521037861,-0.41987460999558585,0
41,0,3,0,0.8233283356965757,0.4313502389523841,-0.4743258521037861,-0.4554436895282076,2
42,0,2,0,-0.17839562142712506,0.4313502389523841,-0.4743258521037861,-0.22341015717213955,2
43,0,3,1,-0.10133993241760961,-0.4751990812099552,-0.4743258521037861,-0.48723782005286725,0
44,1,2,0,-2.0277321576554956,0.4313502389523841,2.006119339191895,0.1909121394926757,0
45,1,3,0,-0.7948411335032486,-0.4751990812099552,-0.4743258521037861,-0.4875720288717055,1
46,0,3,1,-0.10133993241760961,-0.4751990812099552,-0.4743258521037861,-0.4841333019887193,2
47,0,3,1,-0.10133993241760961,0.4313502389523841,-0.4743258521037861,-0.33414199473902667,1
48,1,3,0,-0.10133993241760961,-0.4751990812099552,-0.4743258521037861,-0.49017322040145855,1
49,0,3,1,-0.10133993241760961,1.3378995591147234,-0.4743258521037861,-0.20973578188569775,0
50,0,3,0,-0.871896822512764,0.4313502389523841,-0.4743258521037861,-0.28783595357469205,2
51,0,3,1,-1.719509401617434,3.1509981994394023,0.7658967435440545,0.15282642728807924,2
52,0,3,1,-0.6407297554842177,-0.4751990812099552,-0.4743258521037861,-0.48916656733266867,2
53,1,1,0,1.5168295367822147,0.4313502389523841,-0.4743258521037861,0.8985892468519636,0
54,1,2,0,-0.024284243408094167,0.4313502389523841,-0.4743258521037861,-0.12274485029315124,2
55,0,1,1,2.749720560934462,-0.4751990812099552,0.7658967435440545,0.6016265915589479,0
56,1,1,1,-0.10133993241760961,-0.4751990812099552,-0.4743258521037861,0.06851923277692655,2
57,1,2,0,-0.6407297554842177,-0.4751990812099552,-0.4743258521037861,-0.434807301618015,2
58,0,3,1,-0.0628120879128519,-0.4751990812099552,-0.4743258521037861,-0.500658518765974,0
59,1,2,0,-1.8736207796364648,0.4313502389523841,2.006119339191895,-0.08751199288550533,2
60,0,3,1,-1.4112866455793722,4.057547519601742,2.006119339191895,0.29803613246101984,2
61,0,3,1,-0.5636740664747023,-0.4751990812099552,-0.4743258521037861,-0.500658518765974,0
63,0,1,1,1.208606780744153,0.4313502389523841,-0.4743258521037861,1.0344028522808193,2
64,0,3,1,-1.9506764686459803,2.244448879277063,2.006119339191895,-0.08449203367913571,2
65,0,1,1,-0.10133993241760961,-0.4751990812099552,-0.4743258521037861,-0.08809987827767862,0
66,1,3,1,-0.10133993241760961,0.4313502389523841,0.7658967435440545,-0.33925981894075447,0
67,1,2,0,-0.024284243408094167,-0.4751990812099552,-0.4743258521037861,-0.434807301618015,2
68,0,3,1,-0.7948411335032486,-0.4751990812099552,-0.4743258521037861,-0.4819528914417204,2
69,1,3,0,-0.9489525115222794,3.1509981994394023,2.006119339191895,-0.48664993466069395,2
70,0,3,1,-0.2554513104366405,1.3378995591147234,-0.4743258521037861,-0.4718018018960432,2
71,0,2,1,0.20688282362045216,-0.4751990812099552,-0.4743258521037861,-0.434807301618015,2
72,0,3,0,-1.026008200531795,4.057547519601742,2.006119339191895,0.29803613246101984,2
73,0,2,1,-0.6407297554842177,-0.4751990812099552,-0.4743258521037861,0.8335755650572377,2
74,0,3,1,-0.2554513104366405,0.4313502389523841,-0.4743258521037861,-0.3551971503258359,0
75,1,3,1,0.20688282362045216,-0.4751990812099552,-0.4743258521037861,0.4912289628108992,2
76,0,3,1,-0.3325069994461559,-0.4751990812099552,-0.4743258521037861,-0.4921865265390384,2
77,0,3,1,-0.10133993241760961,-0.4751990812099552,-0.4743258521037861,-0.48723782005286725,2
78,0,3,1,-0.10133993241760961,-0.4751990812099552,-0.4743258521037861,-0.4841333019887193,2
79,1,2,1,-2.1949430028061445,-0.4751990812099552,2.006119339191895,-0.06234566616575826,2
80,1,3,0,0.052771445601421274,-0.4751990812099552,-0.4743258521037861,-0.3950445054008146,2
81,0,3,1,-0.5636740664747023,-0.4751990812099552,-0.4743258521037861,-0.4650068936817115,2
82,1,3,1,-0.024284243408094167,-0.4751990812099552,-0.4743258521037861,-0.4549403629938127,2
83,1,3,0,-0.10133993241760961,-0.4751990812099552,-0.4743258521037861,-0.4894182305998661,1
84,0,1,1,-0.10133993241760961,-0.4751990812099552,-0.4743258521037861,0.30206274473617944,2
85,1,2,0,-0.9489525115222794,-0.4751990812099552,-0.4743258521037861,-0.434807301618015,2
86,1,3,0,0.2839385126299676,2.244448879277063,-0.4743258521037861,-0.32709542325749746,2
87,0,3,1,-1.026008200531795,0.4313502389523841,3.2463419348397355,0.045869538729154176,2
88,0,3,1,-0.10133993241760961,-0.4751990812099552,-0.4743258521037861,-0.4841333019887193,2
89,1,1,0,-0.4866183774651868,2.244448879277063,2.006119339191895,4.648790695770894,2
90,0,3,1,-0.4095626884556714,-0.4751990812099552,-0.4743258521037861,-0.4841333019887193,2
91,0,3,1,-0.024284243408094167,-0.4751990812099552,-0.4743258521037861,-0.4841333019887193,2
92,0,3,1,-0.7177854444937332,-0.4751990812099552,-0.4743258521037861,-0.4880753554061005,2
93,0,1,1,1.2856624697536683,0.4313502389523841,-0.4743258521037861,0.5854355836005315,2
94,0,3,1,-0.2554513104366405,0.4313502389523841,2.006119339191895,-0.2319667082568536,2
95,0,3,1,2.287386426877369,-0.4751990812099552,-0.4743258521037861,-0.5002397510893574,2
96,0,3,1,-0.10133993241760961,-0.4751990812099552,-0.4743258521037861,-0.4841333019887193,2
97,0,1,1,3.2120546949915547,-0.4751990812099552,-0.4743258521037861,0.05149068946527694,0
98,1,1,1,-0.4866183774651868,-0.4751990812099552,0.7658967435440545,0.6293920965023105,0
99,1,2,0,0.36099420163948304,-0.4751990812099552,0.7658967435440545,-0.18314403442054422,2
100,0,2,1,0.36099420163948304,0.4313502389523841,-0.4743258521037861,-0.12274485029315124,2
101,0,3,0,-0.10133993241760961,-0.4751990812099552,-0.4743258521037861,-0.48723782005286725,2
102,0,3,1,-0.10133993241760961,-0.4751990812099552,-0.4743258521037861,-0.48723782005286725,2
103,0,1,1,-0.6407297554842177,-0.4751990812099552,0.7658967435440545,0.9098295350180712,2
104,0,3,1,0.2839385126299676,-0.4751990812099552,-0.4743258521037861,-0.47196890630546234,2
105,0,3,1,0.5921612686680294,1.3378995591147234,-0.4743258521037861,-0.48664993466069395,2
106,0,3,1,-0.10133993241760961,-0.4751990812099552,-0.4743258521037861,-0.48723782005286725,2
107,1,3,0,-0.6407297554842177,-0.4751990812099552,-0.4743258521037861,-0.4921865265390384,2
108,1,3,1,-0.10133993241760961,-0.4751990812099552,-0.4743258521037861,-0.48966989386706367,2
109,0,3,1,0.6692169576775449,-0.4751990812099552,-0.4743258521037861,-0.48723782005286725,2
110,1,3,0,-0.10133993241760961,0.4313502389523841,-0.4743258521037861,-0.15999101383837694,1
111,0,1,1,1.3627181587631838,-0.4751990812099552,-0.4743258521037861,0.40071474547758795,2
112,0,3,0,-1.1415917340460682,0.4313502389523841,-0.4743258521037861,-0.3551971503258359,0
113,0,3,1,-0.5636740664747023,-0.4751990812099552,-0.4743258521037861,-0.4841333019887193,2
114,0,3,0,-0.7177854444937332,0.4313502389523841,-0.4743258521037861,-0.4483971180466784,2
115,0,3,0,-0.9489525115222794,-0.4751990812099552,-0.4743258521037861,-0.3551146047741951,0
116,0,3,1,-0.6407297554842177,-0.4751990812099552,-0.4743258521037861,-0.48664993466069395,2
117,0,3,1,3.173526850486797,-0.4751990812099552,-0.4743258521037861,-0.49017322040145855,1
118,0,2,1,-0.024284243408094167,0.4313502389523841,-0.4743258521037861,-0.22341015717213955,2
119,0,1,1,-0.4095626884556714,-0.4751990812099552,0.7658967435440545,4.337147012122648,0
120,0,3,0,-2.104787846665011,3.1509981994394023,2.006119339191895,-0.016542951535818605,2
121,0,2,1,-0.6407297554842177,1.3378995591147234,-0.4743258521037861,0.8335755650572377,2
122,0,3,1,-0.10133993241760961,-0.4751990812099552,-0.4743258521037861,-0.4841333019887193,2
123,0,2,1,0.2454106681252099,0.4313502389523841,-0.4743258521037861,-0.040787184044554156,0
124,1,2,0,0.2454106681252099,-0.4751990812099552,-0.4743258521037861,-0.38447464817852084,2
125,0,1,1,1.902107981829792,-0.4751990812099552,0.7658967435440545,0.9098295350180712,2
126,1,3,1,-1.3342309565698567,0.4313502389523841,-0.4743258521037861,-0.41987460999558585,0
127,0,3,1,-0.10133993241760961,-0.4751990812099552,-0.4743258521037861,-0.49017322040145855,1
128,1,3,1,-0.4095626884556714,-0.4751990812099552,-0.4743258521037861,-0.5024201616363563,2
129,1,3,0,-0.10133993241760961,0.4313502389523841,0.7658967435440545,-0.19606341990539358,0
130,0,3,1,1.208606780744153,-0.4751990812099552,-0.4743258521037861,-0.5057763429677017,2
131,0,3,1,0.2839385126299676,-0.4751990812099552,-0.4743258521037861,-0.48723782005286725,0
132,0,3,1,-0.7177854444937332,-0.4751990812099552,-0.4743258521037861,-0.5042663633645169,2
133,0,3,0,1.3627181587631838,0.4313502389523841,-0.4743258521037861,-0.35427505611482435,2
134,1,2,0,-0.024284243408094167,0.4313502389523841,-0.4743258521037861,-0.12274485029315124,2
135,0,2,1,-0.3325069994461559,-0.4751990812099552,-0.4743258521037861,-0.38447464817852084,2
136,0,2,1,-0.4866183774651868,-0.4751990812099552,-0.4743258521037861,-0.343286431215914,0
137,1,1,0,-0.7948411335032486,-0.4751990812099552,2.006119339191895,-0.11704115400538775,2
138,0,1,1,0.5921612686680294,0.4313502389523841,-0.4743258521037861,0.4228611129909654,2
139,0,3,1,-1.026008200531795,-0.4751990812099552,-0.4743258521037861,-0.46064405928157615,2
140,0,1,1,-0.4095626884556714,-0.4751990812099552,-0.4743258521037861,0.9483340148992845,0
141,0,3,0,-0.10133993241760961,-0.4751990812099552,2.006119339191895,-0.33925981894075447,0
142,1,3,0,-0.5636740664747023,-0.4751990812099552,-0.4743258521037861,-0.49017322040145855,2
143,1,3,0,-0.4095626884556714,0.4313502389523841,-0.4743258521037861,-0.32709542325749746,2
144,0,3,1,-0.7948411335032486,-0.4751990812099552,-0.4743258521037861,-0.5103062817772562,1
145,0,2,1,-0.871896822512764,-0.4751990812099552,-0.4743258521037861,-0.41467424024221733,2
146,0,2,1,-0.7948411335032486,0.4313502389523841,0.7658967435440545,0.09368555949667362,2
147,1,3,1,-0.17839562142712506,-0.4751990812099552,-0.4743258521037861,-0.489251126190447,2
148,0,3,0,-1.565398023598403,1.3378995591147234,2.006119339191895,0.045869538729154176,2
149,0,2,1,0.5536334241632717,-0.4751990812099552,2.006119339191895,-0.12274485029315124,2
150,0,2,1,0.9774397137156066,-0.4751990812099552,-0.4743258521037861,-0.38447464817852084,2
151,0,2,1,1.6709409148012455,-0.4751990812099552,-0.4743258521037861,-0.39403785233202476,2
152,1,1,0,-0.5636740664747023,0.4313502389523841,-0.4743258521037861,0.6946574415642337,2
153,0,3,1,2.017691515344065,-0.4751990812099552,-0.4743258521037861,-0.4841333019887193,2
154,0,3,1,0.8618561802013335,-0.4751990812099552,2.006119339191895,-0.35427505611482435,2
155,0,3,1,-0.10133993241760961,-0.4751990812099552,-0.4743258521037861,-0.49898143475337003,2
156,0,1,1,1.6709409148012455,-0.4751990812099552,0.7658967435440545,0.5895467547334693,0
157,1,3,0,-1.026008200531795,-0.4751990812099552,-0.4743258521037861,-0.4905094425264344,1
158,0,3,1,0.052771445601421274,-0.4751990812099552,-0.4743258521037861,-0.4841333019887193,2
159,0,3,1,-0.10133993241760961,-0.4751990812099552,-0.4743258521037861,-0.4718018018960432,2
160,0,3,1,-0.10133993241760961,6.77719548008876,2.006119339191895,0.7540499726228369,2
161,0,3,1,1.1315510917346374,-0.4751990812099552,0.7658967435440545,-0.3220621579135481,2
162,1,2,0,0.8233283356965757,-0.4751990812099552,-0.4743258521037861,-0.3291087293950773,2
163,0,3,1,-0.2554513104366405,-0.4751990812099552,-0.4743258521037861,-0.48966989386706367,2
164,0,3,1,-0.9489525115222794,-0.4751990812099552,-0.4743258521037861,-0.4718018018960432,2
165,0,3,1,-2.1818435356745267,3.1509981994394023,0.7658967435440545,0.15282642728807924,2
166,1,3,1,-1.565398023598403,-0.4751990812099552,2.006119339191895,-0.23297336132564347,2
167,1,1,0,-0.10133993241760961,-0.4751990812099552,0.7658967435440545,0.46111392960498093,2
168,0,3,0,1.208606780744153,0.4313502389523841,4.486564530487576,-0.08449203367913571,2
169,0,1,1,-0.10133993241760961,-0.4751990812099552,-0.4743258521037861,-0.12425482989633606,2
170,0,3,1,-0.10133993241760961,-0.4751990812099552,-0.4743258521037861,0.4912289628108992,2
171,0,1,1,2.4414978048964002,-0.4751990812099552,-0.4743258521037861,0.02825311002533122,2
172,0,3,1,-1.9506764686459803,3.1509981994394023,0.7658967435440545,-0.05982903349378355,1
173,1,3,0,-2.1818435356745267,0.4313502389523841,0.7658967435440545,-0.4220570338487224,2
174,0,3,1,-0.6407297554842177,-0.4751990812099552,-0.4743258521037861,-0.48664993466069395,2
175,0,1,1,2.0562193598488228,-0.4751990812099552,-0.4743258521037861,-0.028204020684680614,0
176,0,3,1,-0.871896822512764,0.4313502389523841,0.7658967435440545,-0.4880753554061005,2
177,0,3,1,-0.10133993241760961,2.244448879277063,0.7658967435440545,-0.13348181192486414,2
178,0,1,0,1.5938852257917302,-0.4751990812099552,-0.4743258521037861,-0.06813392131130011,0
179,0,2,1,0.052771445601421274,-0.4751990812099552,-0.4743258521037861,-0.38447464817852084,2
180,0,3,1,0.5151055796585139,-0.4751990812099552,-0.4743258521037861,-0.6462044460638905,2
181,0,3,0,-0.10133993241760961,6.77719548008876,2.006119339191895,0.7540499726228369,2
182,0,2,1,-0.10133993241760961,-0.4751990812099552,-0.4743258521037861,-0.34320187235813565,0
183,0,3,1,-1.565398023598403,3.1509981994394023,2.006119339191895,-0.014277982131041355,2
184,1,2,1,-2.1818435356745267,1.3378995591147234,0.7658967435440545,0.13898494759221836,2
185,1,3,0,-1.9506764686459803,-0.4751990812099552,2.006119339191895,-0.20277376926194698,2
186,0,1,1,-0.10133993241760961,-0.4751990812099552,-0.4743258521037861,0.36044862272599265,2
187,1,3,0,-0.10133993241760961,0.4313502389523841,-0.4743258521037861,-0.33414199473902667,1
188,1,1,1,1.208606780744153,-0.4751990812099552,-0.4743258521037861,-0.11167166653646252,2
189,0,3,1,0.8233283356965757,0.4313502389523841,0.7658967435440545,-0.33414199473902667,1
190,0,3,1,0.5151055796585139,-0.4751990812099552,-0.4743258521037861,-0.48723782005286725,2
191,1,2,0,0.20688282362045216,-0.4751990812099552,-0.4743258521037861,-0.38447464817852084,2
192,0,2,1,-0.7948411335032486,-0.4751990812099552,-0.4743258521037861,-0.38447464817852084,2
193,1,3,0,-0.7948411335032486,0.4313502389523841,-0.4743258521037861,-0.4880753554061005,2
194,1,2,1,-2.0277321576554956,0.4313502389523841,0.7658967435440545,-0.12274485029315124,2
195,1,1,0,1.1315510917346374,-0.4751990812099552,-0.4743258521037861,-0.08809987827767862,0
196,1,1,0,2.210330737867854,-0.4751990812099552,-0.4743258521037861,2.3037078131670836,0
197,0,3,1,-0.10133993241760961,-0.4751990812099552,-0.4743258521037861,-0.49017322040145855,1
198,0,3,1,0.9774397137156066,-0.4751990812099552,0.7658967435440545,-0.4770021716494118,2
199,1,3,0,-0.10133993241760961,-0.4751990812099552,-0.4743258521037861,-0.49017322040145855,1
200,0,2,0,-0.4095626884556714,-0.4751990812099552,-0.4743258521037861,-0.38447464817852084,2
201,0,3,1,-0.10133993241760961,-0.4751990812099552,-0.4743258521037861,-0.4549403629938127,2
202,0,3,1,-0.10133993241760961,6.77719548008876,2.006119339191895,0.7540499726228369,2
203,0,3,1,0.36099420163948304,-0.4751990812099552,-0.4743258521037861,-0.515424105978984,2
204,0,3,1,1.2471346252489106,-0.4751990812099552,-0.4743258521037861,-0.5007430776237524,0
205,1,3,1,-0.871896822512764,-0.4751990812099552,-0.4743258521037861,-0.4841333019887193,2
206,0,3,0,-2.104787846665011,-0.4751990812099552,0.7658967435440545,-0.43556229141960745,2
207,0,3,1,0.20688282362045216,0.4313502389523841,-0.4743258521037861,-0.32709542325749746,2
208,1,3,1,-0.2554513104366405,-0.4751990812099552,-0.4743258521037861,-0.26795455546609187,0
209,1,3,0,-1.026008200531795,-0.4751990812099552,-0.4743258521037861,-0.49017322040145855,1
210,1,1,1,0.8233283356965757,-0.4751990812099552,-0.4743258521037861,-0.022079543414162937,0
211,0,3,1,-0.4095626884556714,-0.4751990812099552,-0.4743258521037861,-0.5042663633645169,2
212,1,2,0,0.4380498906489985,-0.4751990812099552,-0.4743258521037861,-0.22341015717213955,2
213,0,3,1,-0.5636740664747023,-0.4751990812099552,-0.4743258521037861,-0.5002397510893574,2
214,0,2,1,0.052771445601421274,-0.4751990812099552,-0.4743258521037861,-0.38447464817852084,2
215,0,3,1,-0.10133993241760961,0.4313502389523841,-0.4743258521037861,-0.49017322040145855,1
216,1,1,0,0.12982713461093673,0.4313502389523841,-0.4743258521037861,1.6343680812795898,0
217,1,3,0,-0.17839562142712506,-0.4751990812099552,-0.4743258521037861,-0.48664993466069395,2
218,0,2,1,0.9774397137156066,0.4313502389523841,-0.4743258521037861,-0.10261178891735358,2
219,1,1,0,0.20688282362045216,-0.4751990812099552,-0.4743258521037861,0.8897810325000521,0
220,0,2,1,0.052771445601421274,-0.4751990812099552,-0.4743258521037861,-0.434807301618015,2
221,1,3,1,-1.026008200531795,-0.4751990812099552,-0.4743258521037861,-0.4841333019887193,2
222,0,2,1,-0.17839562142712506,-0.4751990812099552,-0.4743258521037861,-0.38447464817852084,2
223,0,3,1,1.6709409148012455,-0.4751990812099552,-0.4743258521037861,-0.4841333019887193,2
224,0,3,1,-0.10133993241760961,-0.4751990812099552,-0.4743258521037861,-0.48723782005286725,2
225,1,1,1,0.6692169576775449,0.4313502389523841,-0.4743258521037861,1.1657710777578991,2
226,0,3,1,-0.5636740664747023,-0.4751990812099552,-0.4743258521037861,-0.4579603222001823,2
227,1,2,1,-0.7948411335032486,-0.4751990812099552,-0.4743258521037861,-0.434807301618015,2
228,0,3,1,-0.6792575999889754,-0.4751990812099552,-0.4743258521037861,-0.5002397510893574,2
229,0,2,1,-0.871896822512764,-0.4751990812099552,-0.4743258521037861,-0.38447464817852084,2
230,0,3,0,-0.10133993241760961,2.244448879277063,0.7658967435440545,-0.13348181192486414,2
231,1,1,0,0.4380498906489985,0.4313502389523841,-0.4743258521037861,1.0344028522808193,2
232,0,3,1,-0.024284243408094167,-0.4751990812099552,-0.4743258521037861,-0.48966989386706367,2
233,0,2,1,2.287386426877369,-0.4751990812099552,-0.4743258521037861,-0.374408117490622,2
234,1,3,0,-1.8736207796364648,3.1509981994394023,2.006119339191895,-0.014277982131041355,2
235,0,2,1,-0.4095626884556714,-0.4751990812099552,-0.4743258521037861,-0.434807301618015,2
236,0,3,0,-0.10133993241760961,-0.4751990812099552,-0.4743258521037861,-0.4941998326766181,2
237,0,2,1,1.1315510917346374,0.4313502389523841,-0.4743258521037861,-0.12274485029315124,2
238,1,2,0,-1.6424537126079184,-0.4751990812099552,2.006119339191895,-0.11771158494920184,2
239,0,2,1,-0.7948411335032486,-0.4751990812099552,-0.4743258521037861,-0.434807301618015,2
240,0,2,1,0.2839385126299676,-0.4751990812099552,-0.4743258521037861,-0.3990711176759742,2
241,0,3,0,-0.10133993241760961,0.4313502389523841,-0.4743258521037861,-0.3551971503258359,0
242,1,3,0,-0.10133993241760961,0.4313502389523841,-0.4743258521037861,-0.33414199473902667,1
243,0,2,1,-0.024284243408094167,-0.4751990812099552,-0.4743258521037861,-0.434807301618015,2
244,0,3,1,-0.5636740664747023,-0.4751990812099552,-0.4743258521037861,-0.5027563837613321,2
245,0,3,1,0.052771445601421274,-0.4751990812099552,-0.4743258521037861,-0.5007430776237524,0
246,0,1,1,1.1315510917346374,1.3378995591147234,-0.4743258521037861,1.1657710777578991,1
247,0,3,0,-0.3325069994461559,-0.4751990812099552,-0.4743258521037861,-0.48966989386706367,2
248,1,2,0,-0.4095626884556714,-0.4751990812099552,2.006119339191895,-0.35427505611482435,2
249,1,1,1,0.5921612686680294,0.4313502389523841,0.7658967435440545,0.41187248809205507,2
250,0,2,1,1.902107981829792,0.4313502389523841,-0.4743258521037861,-0.12274485029315124,2
251,0,3,1,-0.10133993241760961,-0.4751990812099552,-0.4743258521037861,-0.5002397510893574,2
252,0,3,0,-0.024284243408094167,0.4313502389523841,0.7658967435440545,-0.43556229141960745,2
253,0,1,1,2.5185534939059155,-0.4751990812099552,-0.4743258521037861,-0.11167166653646252,2
254,0,3,1,0.052771445601421274,0.4313502389523841,-0.4743258521037861,-0.3220621579135481,2
255,0,3,0,0.9003840247060911,-0.4751990812099552,2.006119339191895,-0.23926494300558024,2
256,1,3,0,-0.024284243408094167,-0.4751990812099552,2.006119339191895,-0.33925981894075447,0
257,1,1,0,-0.10133993241760961,-0.4751990812099552,-0.4743258521037861,0.9483340148992845,0
258,1,1,0,0.052771445601421274,-0.4751990812099552,-0.4743258521037861,1.0953053629426073,2
259,1,1,0,0.4380498906489985,-0.4751990812099552,-0.4743258521037861,9.668550782149426,0
260,1,2,0,1.5938852257917302,-0.4751990812099552,0.7658967435440545,-0.12274485029315124,2
261,0,3,1,-0.10133993241760961,-0.4751990812099552,-0.4743258521037861,-0.49017322040145855,1
262,1,3,1,-2.0277321576554956,3.1509981994394023,2.006119339191895,-0.014277982131041355,2
263,0,1,1,1.747996603810761,0.4313502389523841,0.7658967435440545,0.9573938925183935,2
264,0,1,1,0.8233283356965757,-0.4751990812099552,-0.4743258521037861,-0.6462044460638905,2
265,0,3,0,-0.10133993241760961,-0.4751990812099552,-0.4743258521037861,-0.49017322040145855,1
266,0,2,1,0.5151055796585139,-0.4751990812099552,-0.4743258521037861,-0.434807301618015,2
267,0,3,1,-1.026008200531795,3.1509981994394023,0.7658967435440545,0.15282642728807924,2
268,1,3,1,-0.3325069994461559,0.4313502389523841,-0.4743258521037861,-0.48966989386706367,2
269,1,1,0,2.210330737867854,-0.4751990812099552,0.7658967435440545,2.443465485319458,2
270,1,1,0,0.4380498906489985,-0.4751990812099552,-0.4743258521037861,2.084509107438086,2
271,0,1,1,-0.10133993241760961,-0.4751990812099552,-0.4743258521037861,-0.022079543414162937,2
272,1,3,1,-0.3325069994461559,-0.4751990812099552,-0.4743258521037861,-0.6462044460638905,2
273,1,2,0,0.9003840247060911,-0.4751990812099552,0.7658967435440545,-0.25360974923583607,2
274,0,1,1,0.5921612686680294,-0.4751990812099552,0.7658967435440545,-0.04825252320269991,0
275,1,3,0,-0.10133993241760961,-0.4751990812099552,-0.4743258521037861,-0.49017322040145855,1
276,1,1,0,2.5956091829154313,0.4313502389523841,-0.4743258521037861,0.9233347925889563,2
277,0,3,0,1.208606780744153,-0.4751990812099552,-0.4743258521037861,-0.49017322040145855,2
278,0,2,1,-0.10133993241760961,-0.4751990812099552,-0.4743258521037861,-0.6462044460638905,2
279,0,3,1,-1.719509401617434,3.1509981994394023,0.7658967435440545,-0.05982903349378355,1
280,1,3,0,0.4380498906489985,0.4313502389523841,0.7658967435440545,-0.2385099532039878,2
281,0,3,1,2.749720560934462,-0.4751990812099552,-0.4743258521037861,-0.49017322040145855,1
282,0,3,1,-0.10133993241760961,-0.4751990812099552,-0.4743258521037861,-0.4880753554061005,2
283,0,3,1,-1.026008200531795,-0.4751990812099552,-0.4743258521037861,-0.4549403629938127,2
284,1,3,1,-0.7948411335032486,-0.4751990812099552,-0.4743258521037861,-0.4841333019887193,2
285,0,1,1,-0.10133993241760961,-0.4751990812099552,-0.4743258521037861,-0.12274485029315124,2
286,0,3,1,0.2839385126299676,-0.4751990812099552,-0.4743258521037861,-0.4718018018960432,0
287,1,3,1,0.052771445601421274,-0.4751990812099552,-0.4743258521037861,-0.4549403629938127,2
288,0,3,1,-0.5636740664747023,-0.4751990812099552,-0.4743258521037861,-0.48723782005286725,2
289,1,2,1,0.9774397137156066,-0.4751990812099552,-0.4743258521037861,-0.38447464817852084,2
290,1,3,0,-0.5636740664747023,-0.4751990812099552,-0.4743258521037861,-0.49017322040145855,1
291,1,1,0,-0.2554513104366405,-0.4751990812099552,-0.4743258521037861,0.941287443417755,2
292,1,1,0,-0.7948411335032486,0.4313502389523841,-0.4743258521037861,1.1874986775946599,0
293,0,2,1,0.5151055796585139,-0.4751990812099552,-0.4743258521037861,-0.38699128085049556,0
294,0,3,0,-0.4095626884556714,-0.4751990812099552,-0.4743258521037861,-0.4680268528880811,2
295,0,3,1,-0.4095626884556714,-0.4751990812099552,-0.4743258521037861,-0.48723782005286725,2
296,0,1,1,-0.10133993241760961,-0.4751990812099552,-0.4743258521037861,-0.08809987827767862,0
297,0,3,1,-0.4480905329604291,-0.4751990812099552,-0.4743258521037861,-0.500658518765974,0
298,0,1,0,-2.104787846665011,0.4313502389523841,2.006119339191895,2.404961005438245,2
299,1,1,1,-0.10133993241760961,-0.4751990812099552,-0.4743258521037861,-0.032146074102061765,2
300,1,1,0,1.5938852257917302,-0.4751990812099552,0.7658967435440545,4.337147012122648,0
301,1,3,0,-0.10133993241760961,-0.4751990812099552,-0.4743258521037861,-0.49017322040145855,1
302,1,3,1,-0.10133993241760961,1.3378995591147234,-0.4743258521037861,-0.17811076907659482,1
303,0,3,1,-0.7948411335032486,-0.4751990812099552,-0.4743258521037861,-0.6462044460638905,2
304,1,2,0,-0.10133993241760961,-0.4751990812099552,-0.4743258521037861,-0.3975611380727893,1
305,0,3,1,-0.10133993241760961,-0.4751990812099552,-0.4743258521037861,-0.4841333019887193,2
306,1,1,1,-2.188007990795288,0.4313502389523841,2.006119339191895,2.404961005438245,2
307,1,1,0,-0.10133993241760961,-0.4751990812099552,-0.4743258521037861,1.5862158383870948,0
308,1,1,0,-0.9489525115222794,0.4313502389523841,-0.4743258521037861,1.546285937760475,0
309,0,2,1,0.052771445601421274,0.4313502389523841,-0.4743258521037861,-0.16301097304474657,0
310,1,1,0,0.052771445601421274,-0.4751990812099552,-0.4743258521037861,0.4999546316111698,0
311,1,1,0,-0.4095626884556714,-0.4751990812099552,-0.4743258521037861,1.0280267117431041,0
312,1,1,0,-0.871896822512764,1.3378995591147234,2.006119339191895,4.636207532411021,0
313,0,2,0,-0.2554513104366405,0.4313502389523841,0.7658967435440545,-0.12274485029315124,2
314,0,3,1,-0.10133993241760961,-0.4751990812099552,-0.4743258521037861,-0.48723782005286725,2
315,0,2,1,1.054495402725122,0.4313502389523841,0.7658967435440545,-0.11771158494920184,2
316,1,3,0,-0.2554513104366405,-0.4751990812099552,-0.4743258521037861,-0.4880753554061005,2
317,1,2,0,-0.4095626884556714,0.4313502389523841,-0.4743258521037861,-0.12274485029315124,2
318,0,2,1,1.902107981829792,-0.4751990812099552,-0.4743258521037861,-0.36434158680272316,2
319,1,1,0,0.12982713461093673,-0.4751990812099552,2.006119339191895,2.67306694386133,2
320,1,1,0,0.8233283356965757,0.4313502389523841,0.7658967435440545,2.061692308980895,0
321,0,3,1,-0.5636740664747023,-0.4751990812099552,-0.4743258521037861,-0.5002397510893574,2
322,0,3,1,-0.17839562142712506,-0.4751990812099552,-0.4743258521037861,-0.48723782005286725,2
323,1,2,0,0.052771445601421274,-0.4751990812099552,-0.4743258521037861,-0.3975611380727893,1
324,1,2,0,-0.5636740664747023,0.4313502389523841,0.7658967435440545,-0.06234566616575826,2
325,0,3,1,-0.10133993241760961,6.77719548008876,2.006119339191895,0.7540499726228369,2
326,1,1,0,0.5151055796585139,-0.4751990812099552,-0.4743258521037861,2.084509107438086,0
327,0,3,1,2.4414978048964002,-0.4751990812099552,-0.4743258521037861,-0.5206244757323525,2
328,1,2,0,0.5151055796585139,-0.4751990812099552,-0.4743258521037861,-0.38447464817852084,2
329,1,3,0,0.12982713461093673,0.4313502389523841,0.7658967435440545,-0.23297336132564347,2
330,1,1,0,-1.026008200531795,-0.4751990812099552,0.7658967435440545,0.5210943460557573,0
331,1,3,0,-0.10133993241760961,1.3378995591147234,-0.4743258521037861,-0.17811076907659482,1
332,0,1,1,1.2471346252489106,-0.4751990812099552,-0.4743258521037861,-0.07241219685365709,2
333,0,1,1,0.6692169576775449,-0.4751990812099552,0.7658967435440545,2.443465485319458,2
334,0,3,1,-1.026008200531795,1.3378995591147234,-0.4743258521037861,-0.28380934129953256,2
335,1,1,0,-0.10133993241760961,0.4313502389523841,-0.4743258521037861,2.044579206811467,2
336,0,3,1,-0.10133993241760961,-0.4751990812099552,-0.4743258521037861,-0.48723782005286725,2
337,0,1,1,-0.024284243408094167,0.4313502389523841,-0.4743258521037861,0.6946574415642337,2
338,1,1,0,0.9003840247060911,-0.4751990812099552,-0.4743258521037861,2.061692308980895,0
339,1,3,1,1.208606780744153,-0.4751990812099552,-0.4743258521037861,-0.4841333019887193,2
340,0,1,1,1.208606780744153,-0.4751990812099552,-0.4743258521037861,0.06851923277692655,2
341,1,2,1,-2.104787846665011,0.4313502389523841,0.7658967435440545,-0.12274485029315124,2
342,1,1,0,-0.4095626884556714,2.244448879277063,2.006119339191895,4.648790695770894,2
343,0,2,1,-0.10133993241760961,-0.4751990812099552,-0.4743258521037861,-0.38447464817852084,2
344,0,2,1,-0.3325069994461559,-0.4751990812099552,-0.4743258521037861,-0.38447464817852084,2
345,0,2,1,0.5151055796585139,-0.4751990812099552,-0.4743258521037861,-0.38447464817852084,2
346,1,2,0,-0.4095626884556714,-0.4751990812099552,-0.4743258521037861,-0.38447464817852084,2
347,1,2,0,0.8233283356965757,-0.4751990812099552,-0.4743258521037861,-0.38447464817852084,2
348,1,3,0,-0.10133993241760961,0.4313502389523841,-0.4743258521037861,-0.3220621579135481,2
349,1,3,1,-2.0277321576554956,0.4313502389523841,0.7658967435440545,-0.32608877018870763,2
350,0,3,1,0.9774397137156066,-0.4751990812099552,-0.4743258521037861,-0.4718018018960432,2
351,0,3,1,-0.4866183774651868,-0.4751990812099552,-0.4743258521037861,-0.460476954872157,2
352,0,1,1,-0.10133993241760961,-0.4751990812099552,-0.4743258521037861,0.05845270208902771,2
353,0,3,1,-1.1030638895413103,0.4313502389523841,0.7658967435440545,-0.500658518765974,0
354,0,3,1,-0.3325069994461559,0.4313502389523841,-0.4743258521037861,-0.28783595357469205,2
355,0,3,1,-0.10133993241760961,-0.4751990812099552,-0.4743258521037861,-0.5007430776237524,0
356,0,3,1,-0.10133993241760961,-0.4751990812099552,-0.4743258521037861,-0.4549403629938127,2
357,1,1,0,-0.5636740664747023,-0.4751990812099552,0.7658967435440545,0.46111392960498093,2
358,0,2,0,0.6692169576775449,-0.4751990812099552,-0.4743258521037861,-0.38447464817852084,2
359,1,3,0,-0.10133993241760961,-0.4751990812099552,-0.4743258521037861,-0.4875720288717055,1
360,1,3,0,-0.10133993241760961,-0.4751990812099552,-0.4743258521037861,-0.4875720288717055,1
361,0,3,1,0.8233283356965757,0.4313502389523841,4.486564530487576,-0.08449203367913571,2
362,0,2,1,-0.024284243408094167,0.4313502389523841,-0.4743258521037861,-0.08809987827767862,0
363,0,3,0,1.208606780744153,-0.4751990812099552,0.7658967435440545,-0.3551971503258359,0
364,0,3,1,0.4380498906489985,-0.4751990812099552,-0.4743258521037861,-0.5042663633645169,2
365,0,3,1,-0.10133993241760961,0.4313502389523841,-0.4743258521037861,-0.33414199473902667,1
366,0,3,1,0.052771445601421274,-0.4751990812099552,-0.4743258521037861,-0.5002397510893574,2
367,1,1,0,2.3644421158868845,0.4313502389523841,-0.4743258521037861,0.8688084224648837,0
368,1,3,0,-0.10133993241760961,-0.4751990812099552,-0.4743258521037861,-0.500658518765974,0
369,1,3,0,-0.10133993241760961,-0.4751990812099552,-0.4743258521037861,-0.49017322040145855,1
370,1,1,0,-0.4095626884556714,-0.4751990812099552,-0.4743258521037861,0.7490167072788875,0
371,1,1,1,-0.3325069994461559,0.4313502389523841,-0.4743258521037861,0.4700067028146707,0
372,0,3,1,-0.871896822512764,0.4313502389523841,-0.4743258521037861,-0.515424105978984,2
373,0,3,1,-0.7948411335032486,-0.4751990812099552,-0.4743258521037861,-0.4841333019887193,2
374,0,1,1,-0.5636740664747023,-0.4751990812099552,-0.4743258521037861,2.084509107438086,0
375,0,3,0,-2.0277321576554956,2.244448879277063,0.7658967435440545,-0.22190017756895475,2
376,1,1,0,-0.10133993241760961,0.4313502389523841,-0.4743258521037861,1.008145313634504,0
377,1,3,0,-0.5636740664747023,-0.4751990812099552,-0.4743258521037861,-0.5002397510893574,2
378,0,1,1,-0.17839562142712506,-0.4751990812099552,2.006119339191895,3.6119380349173147,0
379,0,3,1,-0.7177854444937332,-0.4751990812099552,-0.4743258521037861,-0.5654205372935024,0
380,0,3,1,-0.7948411335032486,-0.4751990812099552,-0.4743258521037861,-0.48966989386706367,2
381,1,1,0,0.9774397137156066,-0.4751990812099552,-0.4743258521037861,3.9345703434644728,0
382,1,3,0,-2.1818435356745267,-0.4751990812099552,2.006119339191895,-0.3292758338044964,0
383,0,3,1,0.20688282362045216,-0.4751990812099552,-0.4743258521037861,-0.48664993466069395,2
384,1,1,0,0.4380498906489985,0.4313502389523841,-0.4743258521037861,0.40071474547758795,2
385,0,3,1,-0.10133993241760961,-0.4751990812099552,-0.4743258521037861,-0.48723782005286725,2
386,0,2,1,-0.871896822512764,-0.4751990812099552,-0.4743258521037861,0.8335755650572377,2
387,0,3,1,-2.1818435356745267,4.057547519601742,2.006119339191895,0.29803613246101984,2
388,1,2,0,0.5151055796585139,-0.4751990812099552,-0.4743258521037861,-0.38447464817852084,2
389,0,3,1,-0.10133993241760961,-0.4751990812099552,-0.4743258521037861,-0.4905919880780752,1
390,1,2,0,-0.9489525115222794,-0.4751990812099552,-0.4743258521037861,-0.4046077095543185,0
391,1,1,1,0.5151055796585139,0.4313502389523841,2.006119339191895,1.769762919031829,2
392,1,3,1,-0.6407297554842177,-0.4751990812099552,-0.4743258521037861,-0.489251126190447,2
393,0,3,1,-0.10133993241760961,1.3378995591147234,-0.4743258521037861,-0.48664993466069395,2
394,1,1,0,-0.4866183774651868,0.4313502389523841,-0.4743258521037861,1.6343680812795898,0
395,1,3,0,-0.4095626884556714,-0.4751990812099552,2.006119339191895,-0.3099823210880695,2
396,0,3,1,-0.5636740664747023,-0.4751990812099552,-0.4743258521037861,-0.489251126190447,2
397,0,3,0,0.12982713461093673,-0.4751990812099552,-0.4743258521037861,-0.4880753554061005,2
398,0,2,1,1.2856624697536683,-0.4751990812099552,-0.4743258521037861,-0.12274485029315124,2
399,0,2,1,-0.4866183774651868,-0.4751990812099552,-0.4743258521037861,-0.434807301618015,2
400,1,2,0,-0.10133993241760961,-0.4751990812099552,-0.4743258521037861,-0.39152121966005005,2
401,1,3,1,0.7462726466870603,-0.4751990812099552,-0.4743258521037861,-0.48664993466069395,2
402,0,3,1,-0.2554513104366405,-0.4751990812099552,-0.4743258521037861,-0.4841333019887193,2
403,0,3,0,-0.6407297554842177,0.4313502389523841,-0.4743258521037861,-0.4483971180466784,2
404,0,3,1,-0.10133993241760961,0.4313502389523841,-0.4743258521037861,-0.32709542325749746,2
405,0,3,0,-0.7177854444937332,-0.4751990812099552,-0.4743258521037861,-0.4718018018960432,2
406,0,2,1,0.36099420163948304,0.4313502389523841,-0.4743258521037861,-0.22341015717213955,2
407,0,3,1,1.6709409148012455,-0.4751990812099552,-0.4743258521037861,-0.49017322040145855,2
408,1,2,1,-2.0277321576554956,0.4313502389523841,0.7658967435440545,-0.2687095452676843,2
409,0,3,1,-0.6407297554842177,-0.4751990812099552,-0.4743258521037861,-0.48966989386706367,2
410,0,3,0,-0.10133993241760961,2.244448879277063,0.7658967435440545,-0.13348181192486414,2
411,0,3,1,-0.10133993241760961,-0.4751990812099552,-0.4743258521037861,-0.48723782005286725,2
412,0,3,1,-0.10133993241760961,-0.4751990812099552,-0.4743258521037861,-0.5081258712302573,1
413,1,1,0,0.2839385126299676,0.4313502389523841,-0.4743258521037861,1.1657710777578991,1
414,0,2,1,-0.10133993241760961,-0.4751990812099552,-0.4743258521037861,-0.6462044460638905,2
415,1,3,1,1.1315510917346374,-0.4751990812099552,-0.4743258521037861,-0.48664993466069395,2
416,0,3,0,-0.10133993241760961,-0.4751990812099552,-0.4743258521037861,-0.4841333019887193,2
417,1,2,0,0.36099420163948304,0.4313502389523841,0.7658967435440545,0.008120048649533558,2
418,1,2,0,-0.871896822512764,-0.4751990812099552,2.006119339191895,-0.38447464817852084,2
419,0,2,1,0.052771445601421274,-0.4751990812099552,-0.4743258521037861,-0.38447464817852084,2
420,0,3,0,-1.4883423345888875,-0.4751990812099552,2.006119339191895,-0.15999101383837694,2
421,0,3,1,-0.10133993241760961,-0.4751990812099552,-0.4743258521037861,-0.48723782005286725,0
422,0,3,1,-0.6407297554842177,-0.4751990812099552,-0.4743258521037861,-0.4905094425264344,1
423,0,3,1,-0.024284243408094167,-0.4751990812099552,-0.4743258521037861,-0.4876565877294839,2
424,0,3,0,-0.10133993241760961,0.4313502389523841,0.7658967435440545,-0.3562883622524042,2
425,0,3,1,-0.871896822512764,0.4313502389523841,0.7658967435440545,-0.23926494300558024,2
426,0,3,1,-0.10133993241760961,-0.4751990812099552,-0.4743258521037861,-0.5002397510893574,2
427,1,2,0,-0.10133993241760961,0.4313502389523841,-0.4743258521037861,-0.12274485029315124,2
428,1,2,0,-0.7948411335032486,-0.4751990812099552,-0.4743258521037861,-0.12274485029315124,2
429,0,3,1,-0.10133993241760961,-0.4751990812099552,-0.4743258521037861,-0.49017322040145855,1
430,1,3,1,0.20688282362045216,-0.4751990812099552,-0.4743258521037861,-0.4841333019887193,2
431,1,1,1,-0.10133993241760961,-0.4751990812099552,-0.4743258521037861,-0.11167166653646252,2
432,1,3,0,-0.10133993241760961,0.4313502389523841,-0.4743258521037861,-0.3220621579135481,2
433,1,2,0,0.9774397137156066,0.4313502389523841,-0.4743258521037861,-0.12274485029315124,2
434,0,3,1,-0.9489525115222794,-0.4751990812099552,-0.4743258521037861,-0.5027563837613321,2
435,0,1,1,1.5938852257917302,0.4313502389523841,-0.4743258521037861,0.47923368484319884,2
436,1,1,0,-1.1801195785508258,0.4313502389523841,2.006119339191895,1.769762919031829,2
437,0,3,0,-0.6407297554842177,1.3378995591147234,2.006119339191895,0.045869538729154176,2
438,1,2,0,-0.4095626884556714,1.3378995591147234,3.2463419348397355,-0.2687095452676843,2
439,0,1,1,2.6726648719249466,0.4313502389523841,4.486564530487576,4.648790695770894,2
440,0,2,1,0.12982713461093673,-0.4751990812099552,-0.4743258521037861,-0.434807301618015,2
441,1,2,0,1.208606780744153,0.4313502389523841,0.7658967435440545,-0.11771158494920184,2
442,0,3,1,-0.7177854444937332,-0.4751990812099552,-0.4743258521037861,-0.4549403629938127,2
443,0,3,1,-0.3325069994461559,0.4313502389523841,-0.4743258521037861,-0.48966989386706367,2
444,1,2,0,-0.10133993241760961,-0.4751990812099552,-0.4743258521037861,-0.38447464817852084,2
445,1,3,1,-0.10133993241760961,-0.4751990812099552,-0.4743258521037861,-0.4828749856527319,2
446,1,1,1,-1.9506764686459803,-0.4751990812099552,2.006119339191895,1.0018537319545673,2
447,1,2,0,-1.2571752675603414,-0.4751990812099552,0.7658967435440545,-0.25360974923583607,2
448,1,1,1,0.36099420163948304,-0.4751990812099552,-0.4743258521037861,-0.11167166653646252,2
449,1,3,0,-1.8736207796364648,1.3378995591147234,0.7658967435440545,-0.25847591017036636,0
450,1,1,1,1.747996603810761,-0.4751990812099552,-0.4743258521037861,-0.032146074102061765,2
451,0,2,1,0.5151055796585139,0.4313502389523841,2.006119339191895,-0.08751199288550533,2
452,0,3,1,-0.10133993241760961,0.4313502389523841,-0.4743258521037861,-0.24421364949175128,2
453,0,1,1,0.052771445601421274,-0.4751990812099552,-0.4743258521037861,-0.08751199288550533,0
454,1,1,1,1.5168295367822147,0.4313502389523841,-0.4743258521037861,1.1477358813774596,0
455,0,3,1,-0.10133993241760961,-0.4751990812099552,-0.4743258521037861,-0.4841333019887193,2
456,1,3,1,-0.024284243408094167,-0.4751990812099552,-0.4743258521037861,-0.48723782005286725,0
457,0,1,1,2.749720560934462,-0.4751990812099552,-0.4743258521037861,-0.11167166653646252,2
458,1,1,0,-0.10133993241760961,0.4313502389523841,-0.4743258521037861,0.39794644953841574,2
459,1,2,0,1.5938852257917302,-0.4751990812099552,-0.4743258521037861,-0.434807301618015,2
460,0,3,1,-0.10133993241760961,-0.4751990812099552,-0.4743258521037861,-0.49017322040145855,1
461,1,1,1,1.4397738477726993,-0.4751990812099552,-0.4743258521037861,-0.11167166653646252,2
462,0,3,1,0.36099420163948304,-0.4751990812099552,-0.4743258521037861,-0.4841333019887193,2
463,0,1,1,1.3627181587631838,-0.4751990812099552,-0.4743258521037861,0.12891841690431952,2
464,0,2,1,1.4397738477726993,-0.4751990812099552,-0.4743258521037861,-0.38447464817852084,2
465,0,3,1,-0.10133993241760961,-0.4751990812099552,-0.4743258521037861,-0.4841333019887193,2
466,0,3,1,0.6692169576775449,-0.4751990812099552,-0.4743258521037861,-0.5042663633645169,2
467,0,2,1,-0.10133993241760961,-0.4751990812099552,-0.4743258521037861,-0.6462044460638905,2
468,0,1,1,2.0562193598488228,-0.4751990812099552,-0.4743258521037861,-0.11167166653646252,2
469,0,3,1,-0.10133993241760961,-0.4751990812099552,-0.4743258521037861,-0.4906765469358535,1
470,1,3,0,-2.2011074579269057,1.3378995591147234,0.7658967435440545,-0.25847591017036636,0
471,0,3,1,-0.10133993241760961,-0.4751990812099552,-0.4743258521037861,-0.5002397510893574,2
472,0,3,1,0.6692169576775449,-0.4751990812099552,-0.4743258521037861,-0.4718018018960432,2
473,1,2,0,0.2839385126299676,0.4313502389523841,2.006119339191895,-0.08751199288550533,2
474,1,2,0,-0.4866183774651868,-0.4751990812099552,-0.4743258521037861,-0.36853530348730185,0
475,0,3,0,-0.5636740664747023,-0.4751990812099552,-0.4743258521037861,-0.448145454779481,2
476,0,1,1,-0.10133993241760961,-0.4751990812099552,-0.4743258521037861,0.40071474547758795,2
477,0,2,1,0.36099420163948304,0.4313502389523841,-0.4743258521037861,-0.22341015717213955,2
478,0,3,1,-0.024284243408094167,0.4313502389523841,-0.4743258521037861,-0.5043509222222953,2
479,0,3,1,-0.5636740664747023,-0.4751990812099552,-0.4743258521037861,-0.49478771806879135,2
480,1,3,0,-2.104787846665011,-0.4751990812099552,0.7658967435440545,-0.39881945440877664,2
481,0,3,1,-1.565398023598403,4.057547519601742,2.006119339191895,0.29803613246101984,2
482,0,2,1,-0.10133993241760961,-0.4751990812099552,-0.4743258521037861,-0.6462044460638905,2
483,0,3,1,1.5938852257917302,-0.4751990812099552,-0.4743258521037861,-0.4841333019887193,2
484,1,3,0,2.5956091829154313,-0.4751990812099552,-0.4743258521037861,-0.4531787201234304,2
485,1,1,1,-0.3325069994461559,0.4313502389523841,-0.4743258521037861,1.1874986775946599,0
486,0,3,0,-0.10133993241760961,2.244448879277063,0.7658967435440545,-0.13348181192486414,2
487,1,1,0,0.4380498906489985,0.4313502389523841,-0.4743258521037861,1.1657710777578991,2
488,0,1,1,2.210330737867854,-0.4751990812099552,-0.4743258521037861,-0.04825252320269991,0
489,0,3,1,0.052771445601421274,-0.4751990812099552,-0.4743258521037861,-0.4841333019887193,2
490,1,3,1,-1.565398023598403,0.4313502389523841,0.7658967435440545,-0.32608877018870763,2
491,0,3,1,-0.10133993241760961,0.4313502389523841,-0.4743258521037861,-0.24421364949175128,2
492,0,3,1,-0.6407297554842177,-0.4751990812099552,-0.4743258521037861,-0.5002397510893574,2
493,0,1,1,1.9791636708393074,-0.4751990812099552,-0.4743258521037861,-0.032146074102061765,2
494,0,1,1,3.2120546949915547,-0.4751990812099552,-0.4743258521037861,0.3504666508958721,0
495,0,3,1,-0.6407297554842177,-0.4751990812099552,-0.4743258521037861,-0.4841333019887193,2
496,0,3,1,-0.10133993241760961,-0.4751990812099552,-0.4743258521037861,-0.3551146047741951,0
497,1,1,0,1.902107981829792,0.4313502389523841,-0.4743258521037861,0.9295438287172524,0
498,0,3,1,-0.10133993241760961,-0.4751990812099552,-0.4743258521037861,-0.3421952192893457,2
499,0,1,0,-0.3325069994461559,0.4313502389523841,2.006119339191895,2.404961005438245,2
500,0,3,1,-0.4095626884556714,-0.4751990812099552,-0.4743258521037861,-0.489251126190447,2
501,0,3,1,-0.9489525115222794,-0.4751990812099552,-0.4743258521037861,-0.4718018018960432,2
502,0,3,0,-0.6407297554842177,-0.4751990812099552,-0.4743258521037861,-0.49017322040145855,1
503,0,3,0,-0.10133993241760961,-0.4751990812099552,-0.4743258521037861,-0.4926052942156549,1
504,0,3,0,0.5921612686680294,-0.4751990812099552,-0.4743258521037861,-0.4531787201234304,2
505,1,1,0,-1.026008200531795,-0.4751990812099552,-0.4743258521037861,1.0953053629426073,2
506,0,1,1,-0.871896822512764,0.4313502389523841,-0.4743258521037861,1.546285937760475,0
507,1,2,0,0.2839385126299676,-0.4751990812099552,2.006119339191895,-0.12274485029315124,2
508,1,1,1,-0.10133993241760961,-0.4751990812099552,-0.4743258521037861,-0.11167166653646252,2
509,0,3,1,-0.10133993241760961,-0.4751990812099552,-0.4743258521037861,-0.19270723857404815,2
510,1,3,1,-0.2554513104366405,-0.4751990812099552,-0.4743258521037861,0.4912289628108992,2
511,1,3,1,-0.024284243408094167,-0.4751990812099552,-0.4743258521037861,-0.49017322040145855,1
512,0,3,1,-0.10133993241760961,-0.4751990812099552,-0.4743258521037861,-0.4841333019887193,2
513,1,1,1,0.5151055796585139,-0.4751990812099552,-0.4743258521037861,-0.1169565951476094,2
514,1,1,0,1.902107981829792,0.4313502389523841,-0.4743258521037861,0.5496993996584907,0
515,0,3,1,-0.4095626884556714,-0.4751990812099552,-0.4743258521037861,-0.49529104460318635,2
516,0,1,1,1.3627181587631838,-0.4751990812099552,-0.4743258521037861,0.03873840838984667,2
517,1,2,0,0.36099420163948304,-0.4751990812099552,-0.4743258521037861,-0.434807301618015,2
518,0,3,1,-0.10133993241760961,-0.4751990812099552,-0.4743258521037861,-0.15999101383837694,1
519,1,2,0,0.5151055796585139,0.4313502389523841,-0.4743258521037861,-0.12274485029315124,2
520,0,3,1,0.20688282362045216,-0.4751990812099552,-0.4743258521037861,-0.48723782005286725,2
521,1,1,0,0.052771445601421274,-0.4751990812099552,-0.4743258521037861,1.236236792573191,2
522,0,3,1,-0.5636740664747023,-0.4751990812099552,-0.4743258521037861,-0.48723782005286725,2
523,0,3,1,-0.10133993241760961,-0.4751990812099552,-0.4743258521037861,-0.5007430776237524,0
524,1,1,0,1.1315510917346374,-0.4751990812099552,0.7658967435440545,0.5210943460557573,0
525,0,3,1,-0.10133993241760961,-0.4751990812099552,-0.4743258521037861,-0.500658518765974,0
526,0,3,1,0.8618561802013335,-0.4751990812099552,-0.4743258521037861,-0.49017322040145855,1
527,1,2,0,1.5938852257917302,-0.4751990812099552,-0.4743258521037861,-0.434807301618015,2
528,0,1,1,-0.10133993241760961,-0.4751990812099552,-0.4743258521037861,3.8188897994114144,2
529,0,3,1,0.7462726466870603,-0.4751990812099552,-0.4743258521037861,-0.48664993466069395,2
530,0,2,1,-0.4866183774651868,1.3378995591147234,0.7658967435440545,-0.41467424024221733,2
531,1,2,0,-2.104787846665011,0.4313502389523841,0.7658967435440545,-0.12274485029315124,2
532,0,3,1,-0.10133993241760961,-0.4751990812099552,-0.4743258521037861,-0.500658518765974,0
533,0,3,1,-0.9489525115222794,0.4313502389523841,0.7658967435440545,-0.500658518765974,0
534,1,3,0,-0.10133993241760961,-0.4751990812099552,2.006119339191895,-0.19606341990539358,0
535,0,3,0,0.052771445601421274,-0.4751990812099552,-0.4743258521037861,-0.4718018018960432,2
536,1,2,0,-1.719509401617434,-0.4751990812099552,2.006119339191895,-0.11771158494920184,2
537,0,1,1,1.208606780744153,-0.4751990812099552,-0.4743258521037861,-0.11167166653646252,2
538,1,1,0,0.052771445601421274,-0.4751990812099552,-0.4743258521037861,1.4964566108553758,0
539,0,3,1,-0.10133993241760961,-0.4751990812099552,-0.4743258521037861,-0.35427505611482435,2
540,1,1,0,-0.5636740664747023,-0.4751990812099552,2.006119339191895,0.3503820920380938,0
541,1,1,0,0.5151055796585139,-0.4751990812099552,2.006119339191895,0.7832429116177435,2
542,0,3,0,-1.565398023598403,3.1509981994394023,2.006119339191895,-0.016542951535818605,2
543,0,3,0,-1.4112866455793722,3.1509981994394023,2.006119339191895,-0.016542951535818605,2
544,1,2,1,0.20688282362045216,0.4313502389523841,-0.4743258521037861,-0.12274485029315124,2
545,0,1,1,1.5938852257917302,0.4313502389523841,-0.4743258521037861,1.4964566108553758,0
546,0,1,1,2.6726648719249466,-0.4751990812099552,-0.4743258521037861,-0.12274485029315124,2
547,1,2,0,-0.7948411335032486,0.4313502389523841,-0.4743258521037861,-0.12274485029315124,2
548,1,2,1,-0.10133993241760961,-0.4751990812099552,-0.4743258521037861,-0.3671098827418954,0
549,0,3,1,0.2839385126299676,0.4313502389523841,0.7658967435440545,-0.23297336132564347,2
550,1,2,1,-1.6424537126079184,0.4313502389523841,0.7658967435440545,0.09368555949667362,2
551,1,1,1,-0.9489525115222794,-0.4751990812099552,2.006119339191895,1.5862158383870948,0
552,0,2,1,-0.17839562142712506,-0.4751990812099552,-0.4743258521037861,-0.12274485029315124,2
553,0,3,1,-0.10133993241760961,-0.4751990812099552,-0.4743258521037861,-0.4885786819404954,1
554,1,3,1,-0.5636740664747023,-0.4751990812099552,-0.4743258521037861,-0.5007430776237524,0
555,1,3,0,-0.5636740664747023,-0.4751990812099552,-0.4743258521037861,-0.48966989386706367,2
556,0,1,1,2.5185534939059155,-0.4751990812099552,-0.4743258521037861,-0.11167166653646252,2
557,1,1,0,1.4397738477726993,0.4313502389523841,-0.4743258521037861,0.151064784417697,0
558,0,1,1,-0.10133993241760961,-0.4751990812099552,-0.4743258521037861,3.9345703434644728,0
559,1,1,0,0.7462726466870603,0.4313502389523841,0.7658967435440545,0.9573938925183935,2
560,1,3,0,0.5151055796585139,0.4313502389523841,-0.4743258521037861,-0.29588917812501114,2
561,0,3,1,-0.10133993241760961,-0.4751990812099552,-0.4743258521037861,-0.49017322040145855,1
562,0,3,1,0.8233283356965757,-0.4751990812099552,-0.4743258521037861,-0.48723782005286725,2
563,0,2,1,-0.10133993241760961,-0.4751990812099552,-0.4743258521037861,-0.374408117490622,2
564,0,3,1,-0.10133993241760961,-0.4751990812099552,-0.4743258521037861,-0.4841333019887193,2
565,0,3,0,-0.10133993241760961,-0.4751990812099552,-0.4743258521037861,-0.4841333019887193,2
566,0,3,1,-0.4095626884556714,1.3378995591147234,-0.4743258521037861,-0.15999101383837694,2
567,0,3,1,-0.7948411335032486,-0.4751990812099552,-0.4743258521037861,-0.48723782005286725,2
568,0,3,0,-0.024284243408094167,-0.4751990812099552,4.486564530487576,-0.22190017756895475,2
569,0,3,1,-0.10133993241760961,-0.4751990812099552,-0.4743258521037861,-0.500658518765974,0
570,1,3,1,0.20688282362045216,-0.4751990812099552,-0.4743258521037861,-0.4880753554061005,2
571,1,2,1,2.5185534939059155,-0.4751990812099552,-0.4743258521037861,-0.434807301618015,2
572,1,1,0,1.8250522928202764,1.3378995591147234,-0.4743258521037861,0.3902294471130725,2
573,1,1,1,0.5151055796585139,-0.4751990812099552,-0.4743258521037861,-0.11494328901002966,2
574,1,3,0,-0.10133993241760961,-0.4751990812099552,-0.4743258521037861,-0.49017322040145855,1
575,0,3,1,-1.026008200531795,-0.4751990812099552,-0.4743258521037861,-0.4841333019887193,2
576,0,3,1,-0.7948411335032486,-0.4751990812099552,-0.4743258521037861,-0.35427505611482435,2
577,1,2,0,0.36099420163948304,-0.4751990812099552,-0.4743258521037861,-0.38447464817852084,2
578,1,1,0,0.7462726466870603,0.4313502389523841,-0.4743258521037861,0.47923368484319884,2
579,0,3,0,-0.10133993241760961,0.4313502389523841,-0.4743258521037861,-0.3551146047741951,0
580,1,3,1,0.20688282362045216,-0.4751990812099552,-0.4743258521037861,-0.48664993466069395,2
581,1,2,0,-0.3325069994461559,0.4313502389523841,0.7658967435440545,-0.0422126047899606,2
582,1,1,0,0.7462726466870603,0.4313502389523841,0.7658967435440545,1.5862158383870948,0
583,0,2,1,1.902107981829792,-0.4751990812099552,-0.4743258521037861,-0.12274485029315124,2
584,0,1,1,0.5151055796585139,-0.4751990812099552,-0.4743258521037861,0.16163464163999072,0
585,0,3,1,-0.10133993241760961,-0.4751990812099552,-0.4743258521037861,-0.4707951488272534,0
586,1,1,0,-0.871896822512764,-0.4751990812099552,2.006119339191895,0.9573938925183935,2
587,0,2,1,1.3627181587631838,-0.4751990812099552,-0.4743258521037861,-0.34420852542692554,2
588,1,1,1,2.3644421158868845,0.4313502389523841,0.7658967435440545,0.9483340148992845,0
589,0,3,1,-0.5636740664747023,-0.4751990812099552,-0.4743258521037861,-0.4841333019887193,2
590,0,3,1,-0.10133993241760961,-0.4751990812099552,-0.4743258521037861,-0.4841333019887193,2
591,0,3,1,0.4380498906489985,-0.4751990812099552,-0.4743258521037861,-0.5027563837613321,2
592,1,1,0,1.747996603810761,0.4313502389523841,-0.4743258521037861,0.9295438287172524,0
593,0,3,1,1.3627181587631838,-0.4751990812099552,-0.4743258521037861,-0.5002397510893574,2
594,0,3,0,-0.10133993241760961,-0.4751990812099552,2.006119339191895,-0.49017322040145855,1
595,0,2,1,0.5921612686680294,0.4313502389523841,-0.4743258521037861,-0.12274485029315124,2
596,0,3,1,0.5151055796585139,0.4313502389523841,0.7658967435440545,-0.15999101383837694,2
597,1,2,0,-0.10133993241760961,-0.4751990812099552,-0.4743258521037861,0.01818657933743239,2
598,0,3,1,1.5168295367822147,-0.4751990812099552,-0.4743258521037861,-0.6462044460638905,2
599,0,3,1,-0.10133993241760961,-0.4751990812099552,-0.4743258521037861,-0.5007430776237524,0
600,1,1,1,1.5168295367822147,0.4313502389523841,-0.4743258521037861,0.4999546316111698,0
601,1,2,0,-0.4095626884556714,1.3378995591147234,0.7658967435440545,-0.10261178891735358,2
602,0,3,1,-0.10133993241760961,-0.4751990812099552,-0.4743258521037861,-0.48723782005286725,2
603,0,1,1,-0.10133993241760961,-0.4751990812099552,-0.4743258521037861,0.20743735626993037,2
604,0,3,1,1.1315510917346374,-0.4751990812099552,-0.4743258521037861,-0.4841333019887193,2
605,1,1,1,0.4380498906489985,-0.4751990812099552,-0.4743258521037861,-0.11167166653646252,0
606,0,3,1,0.5151055796585139,0.4313502389523841,-0.4743258521037861,-0.3331353416702368,2
607,0,3,1,0.052771445601421274,-0.4751990812099552,-0.4743258521037861,-0.48723782005286725,2
608,1,1,1,-0.17839562142712506,-0.4751990812099552,-0.4743258521037861,-0.032146074102061765,2
609,1,2,0,-0.5636740664747023,0.4313502389523841,2.006119339191895,0.1909121394926757,0
610,1,1,0,0.8233283356965757,-0.4751990812099552,-0.4743258521037861,2.443465485319458,2
611,0,3,0,0.7462726466870603,0.4313502389523841,5.726787126135417,-0.016542951535818605,2
612,0,3,1,-0.10133993241760961,-0.4751990812099552,-0.4743258521037861,-0.5042663633645169,2
613,1,3,0,-0.10133993241760961,0.4313502389523841,-0.4743258521037861,-0.33414199473902667,1
614,0,3,1,-0.10133993241760961,-0.4751990812099552,-0.4743258521037861,-0.49017322040145855,1
615,0,3,1,0.4380498906489985,-0.4751990812099552,-0.4743258521037861,-0.4841333019887193,2
616,1,2,0,-0.4095626884556714,0.4313502389523841,2.006119339191895,0.6624445433629575,2
617,0,3,1,0.36099420163948304,0.4313502389523841,0.7658967435440545,-0.3562883622524042,2
618,0,3,0,-0.2554513104366405,0.4313502389523841,-0.4743258521037861,-0.3220621579135481,2
619,1,2,0,-1.9506764686459803,1.3378995591147234,0.7658967435440545,0.13898494759221836,2
620,0,2,1,-0.2554513104366405,-0.4751990812099552,-0.4743258521037861,-0.434807301618015,2
621,0,3,1,-0.17839562142712506,0.4313502389523841,-0.4743258521037861,-0.3551971503258359,0
622,1,1,1,0.9774397137156066,0.4313502389523841,-0.4743258521037861,0.41187248809205507,2
623,1,3,1,-0.7177854444937332,0.4313502389523841,0.7658967435440545,-0.3292758338044964,0
624,0,3,1,-0.6407297554842177,-0.4751990812099552,-0.4743258521037861,-0.4880753554061005,2
625,0,3,1,-0.6407297554842177,-0.4751990812099552,-0.4743258521037861,-0.3220621579135481,2
626,0,1,1,2.4414978048964002,-0.4751990812099552,-0.4743258521037861,0.004512204050990585,2
627,0,2,1,2.133275048858338,-0.4751990812099552,-0.4743258521037861,-0.3975611380727893,1
628,1,1,0,-0.6407297554842177,-0.4751990812099552,-0.4743258521037861,0.9233347925889563,2
629,0,3,1,-0.2554513104366405,-0.4751990812099552,-0.4743258521037861,-0.48723782005286725,2
630,0,3,1,-0.10133993241760961,-0.4751990812099552,-0.4743258521037861,-0.4905094425264344,1
631,1,1,1,3.905555896077194,-0.4751990812099552,-0.4743258521037861,-0.0422126047899606,2
632,0,3,1,1.6709409148012455,-0.4751990812099552,-0.4743258521037861,-0.5041818045067386,2
633,1,1,1,0.20688282362045216,-0.4751990812099552,-0.4743258521037861,-0.032146074102061765,0
634,0,1,1,-0.10133993241760961,-0.4751990812099552,-0.4743258521037861,-0.6462044460638905,2
635,0,3,0,-1.565398023598403,2.244448879277063,2.006119339191895,-0.08449203367913571,2
636,1,2,0,-0.10133993241760961,-0.4751990812099552,-0.4743258521037861,-0.38447464817852084,2
637,0,3,1,0.20688282362045216,-0.4751990812099552,-0.4743258521037861,-0.48664993466069395,2
638,0,2,1,0.12982713461093673,0.4313502389523841,0.7658967435440545,-0.11771158494920184,2
639,0,3,0,0.9003840247060911,-0.4751990812099552,5.726787126135417,0.15282642728807924,2
640,0,3,1,-0.10133993241760961,0.4313502389523841,-0.4743258521037861,-0.3220621579135481,2
641,0,3,1,-0.7177854444937332,-0.4751990812099552,-0.4743258521037861,-0.4880753554061005,2
642,1,1,0,-0.4095626884556714,-0.4751990812099552,-0.4743258521037861,0.7490167072788875,0
643,0,3,0,-2.104787846665011,2.244448879277063,2.006119339191895,-0.08449203367913571,2
644,1,3,1,-0.10133993241760961,-0.4751990812099552,-0.4743258521037861,0.4912289628108992,2
645,1,3,0,-2.2011074579269057,1.3378995591147234,0.7658967435440545,-0.25847591017036636,0
646,1,1,1,1.4397738477726993,0.4313502389523841,-0.4743258521037861,0.8985892468519636,0
647,0,3,1,-0.7948411335032486,-0.4751990812099552,-0.4743258521037861,-0.48723782005286725,2
648,1,1,1,2.0562193598488228,-0.4751990812099552,-0.4743258521037861,0.06851923277692655,0
649,0,3,1,-0.10133993241760961,-0.4751990812099552,-0.4743258521037861,-0.4941998326766181,2
650,1,3,0,-0.4866183774651868,-0.4751990812099552,-0.4743258521037861,-0.4941998326766181,2
651,0,3,1,-0.10133993241760961,-0.4751990812099552,-0.4743258521037861,-0.48723782005286725,2
652,1,2,0,-0.871896822512764,-0.4751990812099552,0.7658967435440545,-0.18314403442054422,2
653,0,3,1,-0.6407297554842177,-0.4751990812099552,-0.4743258521037861,-0.47641629956337606,2
654,1,3,0,-0.10133993241760961,-0.4751990812099552,-0.4743258521037861,-0.4885786819404954,1
655,0,3,0,-0.871896822512764,-0.4751990812099552,-0.4743258521037861,-0.5103062817772562,1
656,0,2,1,-0.4095626884556714,1.3378995591147234,-0.4743258521037861,0.8335755650572377,2
657,0,3,1,-0.10133993241760961,-0.4751990812099552,-0.4743258521037861,-0.48723782005286725,2
658,0,3,0,0.20688282362045216,0.4313502389523841,0.7658967435440545,-0.33414199473902667,1
659,0,2,1,-0.4866183774651868,-0.4751990812099552,-0.4743258521037861,-0.38447464817852084,2
660,0,1,1,2.210330737867854,-0.4751990812099552,2.006119339191895,1.6343680812795898,0
661,1,1,1,1.5938852257917302,1.3378995591147234,-0.4743258521037861,2.044579206811467,2
662,0,3,1,0.8233283356965757,-0.4751990812099552,-0.4743258521037861,-0.5007430776237524,0
663,0,1,1,1.3627181587631838,-0.4751990812099552,-0.4743258521037861,-0.1310497381106678,2
664,0,3,1,0.5151055796585139,-0.4751990812099552,-0.4743258521037861,-0.49529104460318635,2
665,1,3,1,-0.7177854444937332,0.4313502389523841,-0.4743258521037861,-0.48664993466069395,2
666,0,2,1,0.20688282362045216,1.3378995591147234,-0.4743258521037861,0.8335755650572377,2
667,0,2,1,-0.3325069994461559,-0.4751990812099552,-0.4743258521037861,-0.38447464817852084,2
668,0,3,1,-0.10133993241760961,-0.4751990812099552,-0.4743258521037861,-0.48966989386706367,2
669,0,3,1,1.054495402725122,-0.4751990812099552,-0.4743258521037861,-0.4841333019887193,2
670,1,1,0,-0.10133993241760961,0.4313502389523841,-0.4743258521037861,0.40071474547758795,2
671,1,2,0,0.8233283356965757,0.4313502389523841,0.7658967435440545,0.13898494759221836,2
672,0,1,1,0.12982713461093673,0.4313502389523841,-0.4743258521037861,0.40071474547758795,2
673,0,2,1,3.1349990059820394,-0.4751990812099552,-0.4743258521037861,-0.434807301618015,2
674,1,2,1,0.12982713461093673,-0.4751990812099552,-0.4743258521037861,-0.38447464817852084,2
675,0,2,1,-0.10133993241760961,-0.4751990812099552,-0.4743258521037861,-0.6462044460638905,2
676,0,3,1,-0.871896822512764,-0.4751990812099552,-0.4743258521037861,-0.48966989386706367,2
677,0,3,1,-0.3710348439509137,-0.4751990812099552,-0.4743258521037861,-0.4841333019887193,2
678,1,3,0,-0.871896822512764,-0.4751990812099552,-0.4743258521037861,-0.4480608959217026,2
679,0,3,0,1.054495402725122,0.4313502389523841,6.967009721783257,0.29803613246101984,2
680,1,1,1,0.5151055796585139,-0.4751990812099552,0.7658967435440545,9.668550782149426,0
681,0,3,0,-0.10133993241760961,-0.4751990812099552,-0.4743258521037861,-0.482371659118337,1
682,1,1,1,-0.17839562142712506,-0.4751990812099552,-0.4743258521037861,0.8985892468519636,0
683,0,3,1,-0.7177854444937332,-0.4751990812099552,-0.4743258521037861,-0.460476954872157,2
684,0,3,1,-1.1801195785508258,4.057547519601742,2.006119339191895,0.29803613246101984,2
685,0,2,1,2.3644421158868845,0.4313502389523841,0.7658967435440545,0.13898494759221836,2
686,0,2,1,-0.3325069994461559,0.4313502389523841,2.006119339191895,0.1909121394926757,0
687,0,3,1,-1.1801195785508258,3.1509981994394023,0.7658967435440545,0.15282642728807924,2
688,0,3,1,-0.7948411335032486,-0.4751990812099552,-0.4743258521037861,-0.4414351054229276,2
689,0,3,1,-0.871896822512764,-0.4751990812099552,-0.4743258521037861,-0.489251126190447,2
690,1,1,0,-1.1030638895413103,-0.4751990812099552,0.7658967435440545,3.608666412443748,2
691,1,1,1,0.12982713461093673,0.4313502389523841,-0.4743258521037861,0.5013800523565762,2
692,1,3,0,-1.9506764686459803,-0.4751990812099552,0.7658967435440545,-0.376085201503226,0
693,1,3,1,-0.10133993241760961,-0.4751990812099552,-0.4743258521037861,0.4912289628108992,2
694,0,3,1,-0.3325069994461559,-0.4751990812099552,-0.4743258521037861,-0.5007430776237524,0
695,0,1,1,2.3644421158868845,-0.4751990812099552,-0.4743258521037861,-0.11167166653646252,2
696,0,2,1,1.747996603810761,-0.4751990812099552,-0.4743258521037861,-0.374408117490622,2
697,0,3,1,1.1315510917346374,-0.4751990812099552,-0.4743258521037861,-0.4841333019887193,2
698,1,3,0,-0.10133993241760961,-0.4751990812099552,-0.4743258521037861,-0.4905094425264344,1
699,0,1,1,1.5168295367822147,0.4313502389523841,0.7658967435440545,1.5862158383870948,0
700,0,3,1,0.9774397137156066,-0.4751990812099552,-0.4743258521037861,-0.4921865265390384,2
701,1,1,0,-0.871896822512764,0.4313502389523841,-0.4743258521037861,3.9345703434644728,0
702,1,1,1,0.4380498906489985,-0.4751990812099552,-0.4743258521037861,-0.1169565951476094,2
703,0,3,0,-0.871896822512764,-0.4751990812099552,0.7658967435440545,-0.3551971503258359,0
704,0,3,1,-0.3325069994461559,-0.4751990812099552,-0.4743258521037861,-0.49034032481087764,1
705,0,3,1,-0.2554513104366405,0.4313502389523841,-0.4743258521037861,-0.4880753554061005,2
706,0,2,1,0.7462726466870603,-0.4751990812099552,-0.4743258521037861,-0.12274485029315124,2
707,1,2,0,1.208606780744153,-0.4751990812099552,-0.4743258521037861,-0.374408117490622,2
708,1,1,1,0.9774397137156066,-0.4751990812099552,-0.4743258521037861,-0.1169565951476094,2
709,1,1,0,-0.5636740664747023,-0.4751990812099552,-0.4743258521037861,2.404961005438245,2
710,1,3,1,-0.10133993241760961,0.4313502389523841,0.7658967435440545,-0.33925981894075447,0
711,1,1,0,-0.4095626884556714,-0.4751990812099552,-0.4743258521037861,0.3504666508958721,0
712,0,1,1,-0.10133993241760961,-0.4751990812099552,-0.4743258521037861,-0.11167166653646252,2
713,1,1,1,1.4397738477726993,0.4313502389523841,-0.4743258521037861,0.40071474547758795,2
714,0,3,1,-0.024284243408094167,-0.4751990812099552,-0.4743258521037861,-0.4552765851187885,2
715,0,2,1,1.747996603810761,-0.4751990812099552,-0.4743258521037861,-0.38447464817852084,2
716,0,3,1,-0.7948411335032486,-0.4751990812099552,-0.4743258521037861,-0.4921865265390384,2
717,1,1,0,0.6692169576775449,-0.4751990812099552,-0.4743258521037861,3.9345703434644728,0
718,1,2,0,-0.17839562142712506,-0.4751990812099552,-0.4743258521037861,-0.434807301618015,2
719,0,3,1,-0.10133993241760961,-0.4751990812099552,-0.4743258521037861,-0.33414199473902667,1
720,0,3,1,0.2839385126299676,-0.4751990812099552,-0.4743258521037861,-0.48966989386706367,2
721,1,2,0,-1.7965650906269495,-0.4751990812099552,0.7658967435440545,0.01818657933743239,2
722,0,3,1,-0.9489525115222794,0.4313502389523841,-0.4743258521037861,-0.5041818045067386,2
723,0,2,1,0.36099420163948304,-0.4751990812099552,-0.4743258521037861,-0.38447464817852084,2
724,0,2,1,1.5938852257917302,-0.4751990812099552,-0.4743258521037861,-0.38447464817852084,2
725,1,1,1,-0.17839562142712506,0.4313502389523841,-0.4743258521037861,0.4228611129909654,2
726,0,3,1,-0.7177854444937332,-0.4751990812099552,-0.4743258521037861,-0.4718018018960432,2
727,1,2,0,0.052771445601421274,2.244448879277063,-0.4743258521037861,-0.22341015717213955,2
728,1,3,0,-0.10133993241760961,-0.4751990812099552,-0.4743258521037861,-0.49042488366865605,1
729,0,2,1,-0.3325069994461559,0.4313502389523841,-0.4743258521037861,-0.12274485029315124,2
730,0,3,0,-0.3325069994461559,0.4313502389523841,-0.4743258521037861,-0.48664993466069395,2
731,1,1,0,-0.024284243408094167,-0.4751990812099552,-0.4743258521037861,3.608666412443748,2
732,0,3,1,-1.4112866455793722,-0.4751990812099552,-0.4743258521037861,-0.26795455546609187,0
733,0,2,1,-0.10133993241760961,-0.4751990812099552,-0.4743258521037861,-0.6462044460638905,2
734,0,2,1,-0.4866183774651868,-0.4751990812099552,-0.4743258521037861,-0.38447464817852084,2
735,0,2,1,-0.4866183774651868,-0.4751990812099552,-0.4743258521037861,-0.38447464817852084,2
736,0,3,1,-0.0628120879128519,-0.4751990812099552,-0.4743258521037861,-0.3220621579135481,2
737,0,3,0,1.4397738477726993,0.4313502389523841,3.2463419348397355,0.045869538729154176,2
738,1,1,1,0.4380498906489985,-0.4751990812099552,-0.4743258521037861,9.668550782149426,0
739,0,3,1,-0.10133993241760961,-0.4751990812099552,-0.4743258521037861,-0.48723782005286725,2
740,0,3,1,-0.10133993241760961,-0.4751990812099552,-0.4743258521037861,-0.48723782005286725,2
741,1,1,1,-0.10133993241760961,-0.4751990812099552,-0.4743258521037861,-0.0422126047899606,2
742,0,1,1,0.5151055796585139,0.4313502389523841,-0.4743258521037861,0.941287443417755,2
743,1,1,0,-0.6407297554842177,1.3378995591147234,2.006119339191895,4.636207532411021,0
744,0,3,1,-0.4095626884556714,0.4313502389523841,-0.4743258521037861,-0.3220621579135481,2
745,1,3,1,0.12982713461093673,-0.4751990812099552,-0.4743258521037861,-0.48664993466069395,2
746,0,1,1,3.1349990059820394,0.4313502389523841,0.7658967435440545,0.7832429116177435,2
747,0,3,1,-1.026008200531795,0.4313502389523841,0.7658967435440545,-0.2385099532039878,2
748,1,2,0,0.052771445601421274,-0.4751990812099552,-0.4743258521037861,-0.38447464817852084,2
749,0,1,1,-0.7948411335032486,0.4313502389523841,-0.4743258521037861,0.4228611129909654,2
750,0,3,1,0.12982713461093673,-0.4751990812099552,-0.4743258521037861,-0.49017322040145855,1
751,1,2,0,-1.9506764686459803,0.4313502389523841,0.7658967435440545,-0.18314403442054422,2
752,1,3,1,-1.7965650906269495,-0.4751990812099552,0.7658967435440545,-0.3950445054008146,2
753,0,3,1,0.2839385126299676,-0.4751990812099552,-0.4743258521037861,-0.4549403629938127,2
754,0,3,1,-0.4866183774651868,-0.4751990812099552,-0.4743258521037861,-0.48723782005286725,2
755,1,2,0,1.4397738477726993,0.4313502389523841,2.006119339191895,0.6624445433629575,2
756,1,2,1,-2.2072719130476663,0.4313502389523841,0.7658967435440545,-0.35427505611482435,2
757,0,3,1,-0.10133993241760961,-0.4751990812099552,-0.4743258521037861,-0.489251126190447,2
758,0,2,1,-0.871896822512764,-0.4751990812099552,-0.4743258521037861,-0.41467424024221733,2
759,0,3,1,0.36099420163948304,-0.4751990812099552,-0.4743258521037861,-0.4841333019887193,2
760,1,1,0,0.2839385126299676,-0.4751990812099552,-0.4743258521037861,1.0953053629426073,2
761,0,3,1,-0.10133993241760961,-0.4751990812099552,-0.4743258521037861,-0.35427505611482435,2
762,0,3,1,0.9003840247060911,-0.4751990812099552,-0.4743258521037861,-0.5027563837613321,2
763,1,3,1,-0.7177854444937332,-0.4751990812099552,-0.4743258521037861,-0.500658518765974,0
764,1,1,0,0.5151055796585139,0.4313502389523841,2.006119339191895,1.769762919031829,2
765,0,3,1,-1.026008200531795,-0.4751990812099552,-0.4743258521037861,-0.48966989386706367,2
766,1,1,0,1.6709409148012455,0.4313502389523841,-0.4743258521037861,0.9233347925889563,2
767,0,1,1,-0.10133993241760961,-0.4751990812099552,-0.4743258521037861,0.151064784417697,0
768,0,3,0,0.091299290106179,-0.4751990812099552,-0.4743258521037861,-0.49017322040145855,1
769,0,3,1,-0.10133993241760961,0.4313502389523841,-0.4743258521037861,-0.15999101383837694,1
770,0,3,1,0.20688282362045216,-0.4751990812099552,-0.4743258521037861,-0.47784172030878247,2
771,0,3,1,-0.4095626884556714,-0.4751990812099552,-0.4743258521037861,-0.4549403629938127,2
772,0,3,1,1.4397738477726993,-0.4751990812099552,-0.4743258521037861,-0.4880753554061005,2
773,0,2,0,2.133275048858338,-0.4751990812099552,-0.4743258521037861,-0.434807301618015,2
774,0,3,1,-0.10133993241760961,-0.4751990812099552,-0.4743258521037861,-0.5007430776237524,0
775,1,2,0,1.902107981829792,0.4313502389523841,3.2463419348397355,-0.18314403442054422,2
776,0,3,1,-0.871896822512764,-0.4751990812099552,-0.4743258521037861,-0.49017322040145855,2
777,0,3,1,-0.10133993241760961,-0.4751990812099552,-0.4743258521037861,-0.49017322040145855,1
778,1,3,0,-1.8736207796364648,-0.4751990812099552,-0.4743258521037861,-0.3950445054008146,2
779,0,3,1,-0.10133993241760961,-0.4751990812099552,-0.4743258521037861,-0.49042488366865605,1
780,1,1,0,1.054495402725122,-0.4751990812099552,0.7658967435440545,3.608666412443748,2
781,1,3,0,-1.2571752675603414,-0.4751990812099552,-0.4743258521037861,-0.500658518765974,0
782,1,1,0,-0.9489525115222794,0.4313502389523841,-0.4743258521037861,0.5013800523565762,2
783,0,1,1,-0.024284243408094167,-0.4751990812099552,-0.4743258521037861,-0.0422126047899606,2
784,0,3,1,-0.10133993241760961,0.4313502389523841,2.006119339191895,-0.1740841568014353,2
785,0,3,1,-0.3325069994461559,-0.4751990812099552,-0.4743258521037861,-0.5042663633645169,2
786,0,3,1,-0.3325069994461559,-0.4751990812099552,-0.4743258521037861,-0.5002397510893574,2
787,1,3,0,-0.871896822512764,-0.4751990812099552,-0.4743258521037861,-0.49529104460318635,2
788,0,3,1,-1.6424537126079184,3.1509981994394023,0.7658967435440545,-0.05982903349378355,1
789,1,3,1,-2.1818435356745267,0.4313502389523841,2.006119339191895,-0.2319667082568536,2
790,0,1,1,1.2856624697536683,-0.4751990812099552,-0.4743258521037861,0.9483340148992845,0
791,0,3,1,-0.10133993241760961,-0.4751990812099552,-0.4743258521037861,-0.49017322040145855,1
792,0,2,1,-1.026008200531795,-0.4751990812099552,-0.4743258521037861,-0.12274485029315124,2
793,0,3,0,-0.10133993241760961,6.77719548008876,2.006119339191895,0.7540499726228369,2
794,0,1,1,-0.10133993241760961,-0.4751990812099552,-0.4743258521037861,-0.028204020684680614,0
795,0,3,1,-0.3325069994461559,-0.4751990812099552,-0.4743258521037861,-0.48723782005286725,2
796,0,2,1,0.7462726466870603,-0.4751990812099552,-0.4743258521037861,-0.38447464817852084,2
797,1,1,0,1.5168295367822147,-0.4751990812099552,-0.4743258521037861,-0.12417027103855768,2
798,1,3,0,0.12982713461093673,-0.4751990812099552,-0.4743258521037861,-0.4713830342194266,2
799,0,3,1,0.052771445601421274,-0.4751990812099552,-0.4743258521037861,-0.500658518765974,0
800,0,3,0,0.052771445601421274,0.4313502389523841,0.7658967435440545,-0.15999101383837694,2
801,0,2,1,0.36099420163948304,-0.4751990812099552,-0.4743258521037861,-0.38447464817852084,2
802,1,2,0,0.12982713461093673,0.4313502389523841,0.7658967435440545,-0.11771158494920184,2
803,1,1,1,-1.4112866455793722,0.4313502389523841,2.006119339191895,1.769762919031829,2
804,1,3,1,-2.2265358353000453,-0.4751990812099552,0.7658967435440545,-0.4747372022446345,0
805,1,3,1,-0.17839562142712506,-0.4751990812099552,-0.4743258521037861,-0.5057763429677017,2
806,0,3,1,0.12982713461093673,-0.4751990812099552,-0.4743258521037861,-0.48966989386706367,2
807,0,1,1,0.7462726466870603,-0.4751990812099552,-0.4743258521037861,-0.6462044460638905,2
808,0,3,0,-0.871896822512764,-0.4751990812099552,-0.4743258521037861,-0.48966989386706367,2
809,0,2,1,0.7462726466870603,-0.4751990812099552,-0.4743258521037861,-0.38447464817852084,2
810,1,1,0,0.2839385126299676,0.4313502389523841,-0.4743258521037861,0.4228611129909654,2
811,0,3,1,-0.2554513104366405,-0.4751990812099552,-0.4743258521037861,-0.4874049244622864,2
812,0,3,1,0.7462726466870603,-0.4751990812099552,-0.4743258521037861,-0.15999101383837694,2
813,0,2,1,0.4380498906489985,-0.4751990812099552,-0.4743258521037861,-0.434807301618015,2
814,0,3,0,-1.7965650906269495,3.1509981994394023,2.006119339191895,-0.016542951535818605,2
815,0,3,1,0.091299290106179,-0.4751990812099552,-0.4743258521037861,-0.4841333019887193,2
816,0,1,1,-0.10133993241760961,-0.4751990812099552,-0.4743258521037861,-0.6462044460638905,2
817,0,3,0,-0.4866183774651868,-0.4751990812099552,-0.4743258521037861,-0.48664993466069395,2
818,0,2,1,0.12982713461093673,0.4313502389523841,0.7658967435440545,0.09880338369840133,0
819,0,3,1,1.054495402725122,-0.4751990812099552,-0.4743258521037861,-0.5163462001899956,2
820,0,3,1,-1.4883423345888875,2.244448879277063,2.006119339191895,-0.08449203367913571,2
821,1,1,0,1.747996603810761,0.4313502389523841,0.7658967435440545,1.236236792573191,2
822,1,3,1,-0.17839562142712506,-0.4751990812099552,-0.4743258521037861,-0.4718018018960432,2
823,0,1,1,0.6692169576775449,-0.4751990812099552,-0.4743258521037861,-0.6462044460638905,2
824,1,3,0,-0.17839562142712506,-0.4751990812099552,0.7658967435440545,-0.3950445054008146,2
825,0,3,1,-2.104787846665011,3.1509981994394023,0.7658967435440545,0.15282642728807924,2
826,0,3,1,-0.10133993241760961,-0.4751990812099552,-0.4743258521037861,-0.5062796695020967,1
827,0,3,1,-0.10133993241760961,-0.4751990812099552,-0.4743258521037861,0.4912289628108992,2
828,1,2,1,-2.1818435356745267,-0.4751990812099552,2.006119339191895,0.09880338369840133,0
829,1,3,1,-0.10133993241760961,-0.4751990812099552,-0.4743258521037861,-0.49017322040145855,1
831,1,3,0,-1.1030638895413103,0.4313502389523841,-0.4743258521037861,-0.3551971503258359,0
832,1,2,1,-2.1949430028061445,0.4313502389523841,0.7658967435440545,-0.2687095452676843,2
833,0,3,1,-0.10133993241760961,-0.4751990812099552,-0.4743258521037861,-0.500658518765974,0
834,0,3,1,-0.4866183774651868,-0.4751990812099552,-0.4743258521037861,-0.4880753554061005,2
835,0,3,1,-0.871896822512764,-0.4751990812099552,-0.4743258521037861,-0.47910003664476986,2
836,1,1,0,0.7462726466870603,0.4313502389523841,0.7658967435440545,1.0280267117431041,0
837,0,3,1,-0.6407297554842177,-0.4751990812099552,-0.4743258521037861,-0.4718018018960432,2
838,0,3,1,-0.10133993241760961,-0.4751990812099552,-0.4743258521037861,-0.4841333019887193,2
839,1,3,1,0.20688282362045216,-0.4751990812099552,-0.4743258521037861,0.4912289628108992,2
840,1,1,1,-0.10133993241760961,-0.4751990812099552,-0.4743258521037861,-0.04825252320269991,0
841,0,3,1,-0.7177854444937332,-0.4751990812099552,-0.4743258521037861,-0.48664993466069395,2
842,0,2,1,-1.026008200531795,-0.4751990812099552,-0.4743258521037861,-0.434807301618015,2
843,1,1,0,0.052771445601421274,-0.4751990812099552,-0.4743258521037861,-0.022079543414162937,0
844,0,3,1,0.39952204614424075,-0.4751990812099552,-0.4743258521037861,-0.516597863457193,0
845,0,3,1,-0.9489525115222794,-0.4751990812099552,-0.4743258521037861,-0.4718018018960432,2
846,0,3,1,0.9774397137156066,-0.4751990812099552,-0.4743258521037861,-0.4941998326766181,2
847,0,3,1,-0.10133993241760961,6.77719548008876,2.006119339191895,0.7540499726228369,2
848,0,3,1,0.4380498906489985,-0.4751990812099552,-0.4743258521037861,-0.48723782005286725,0
849,0,2,1,-0.10133993241760961,-0.4751990812099552,0.7658967435440545,0.01818657933743239,2
850,1,1,0,-0.10133993241760961,0.4313502389523841,-0.4743258521037861,1.1477358813774596,0
851,0,3,1,-1.9506764686459803,3.1509981994394023,2.006119339191895,-0.016542951535818605,2
852,0,3,1,3.443221762020101,-0.4751990812099552,-0.4743258521037861,-0.48966989386706367,2
853,0,3,0,-1.565398023598403,0.4313502389523841,0.7658967435440545,-0.33925981894075447,0
854,1,1,0,-1.026008200531795,-0.4751990812099552,0.7658967435440545,0.1470381721425374,2
855,0,2,0,1.1315510917346374,0.4313502389523841,-0.4743258521037861,-0.12274485029315124,2
856,1,3,0,-0.871896822512764,-0.4751990812099552,0.7658967435440545,-0.4579603222001823,2
857,1,1,0,1.208606780744153,0.4313502389523841,0.7658967435440545,2.67306694386133,2
858,1,1,1,1.6709409148012455,-0.4751990812099552,-0.4743258521037861,-0.11167166653646252,2
859,1,3,0,-0.4095626884556714,-0.4751990812099552,3.2463419348397355,-0.25847591017036636,0
860,0,3,1,-0.10133993241760961,-0.4751990812099552,-0.4743258521037861,-0.500658518765974,0
861,0,3,1,0.9003840247060911,1.3378995591147234,-0.4743258521037861,-0.3621611762557243,2
862,0,2,1,-0.6407297554842177,0.4313502389523841,-0.4743258521037861,-0.41467424024221733,2
863,1,1,0,1.4397738477726993,-0.4751990812099552,-0.4743258521037861,-0.12417027103855768,2
864,0,3,0,-0.10133993241760961,6.77719548008876,2.006119339191895,0.7540499726228369,2
865,0,2,1,-0.4095626884556714,-0.4751990812099552,-0.4743258521037861,-0.38447464817852084,2
866,1,2,0,0.9774397137156066,-0.4751990812099552,-0.4743258521037861,-0.38447464817852084,2
867,1,2,0,-0.17839562142712506,0.4313502389523841,-0.4743258521037861,-0.36719444159967374,0
868,0,1,1,0.12982713461093673,-0.4751990812099552,-0.4743258521037861,0.37043059455611316,2
869,0,3,1,-0.10133993241760961,-0.4751990812099552,-0.4743258521037861,-0.4549403629938127,2
870,1,3,1,-1.9506764686459803,0.4313502389523841,0.7658967435440545,-0.4220570338487224,2
871,0,3,1,-0.2554513104366405,-0.4751990812099552,-0.4743258521037861,-0.48723782005286725,2
872,1,1,0,1.3627181587631838,0.4313502389523841,0.7658967435440545,0.41187248809205507,2
873,0,1,1,0.2839385126299676,-0.4751990812099552,-0.4743258521037861,-0.5455391391849022,2
874,0,3,1,1.3627181587631838,-0.4751990812099552,-0.4743258521037861,-0.4650068936817115,2
875,1,2,0,-0.10133993241760961,0.4313502389523841,-0.4743258521037861,-0.16301097304474657,0
876,1,3,0,-1.1030638895413103,-0.4751990812099552,-0.4743258521037861,-0.5007430776237524,0
877,0,3,1,-0.7177854444937332,-0.4751990812099552,-0.4743258521037861,-0.44797835037006184,2
878,0,3,1,-0.7948411335032486,-0.4751990812099552,-0.4743258521037861,-0.48723782005286725,2
879,0,3,1,-0.10133993241760961,-0.4751990812099552,-0.4743258521037861,-0.48723782005286725,2
880,1,1,0,2.0562193598488228,-0.4751990812099552,0.7658967435440545,1.0280267117431041,0
881,1,2,0,-0.3325069994461559,-0.4751990812099552,0.7658967435440545,-0.12274485029315124,2
882,0,3,1,0.2839385126299676,-0.4751990812099552,-0.4743258521037861,-0.48723782005286725,2
883,0,3,0,-0.5636740664747023,-0.4751990812099552,-0.4743258521037861,-0.4344710794930392,2
884,0,2,1,-0.10133993241760961,-0.4751990812099552,-0.4743258521037861,-0.434807301618015,2
885,0,3,1,-0.3325069994461559,-0.4751990812099552,-0.4743258521037861,-0.5042663633645169,2
886,0,3,0,0.7462726466870603,-0.4751990812099552,5.726787126135417,-0.05982903349378355,1
887,0,2,1,-0.17839562142712506,-0.4751990812099552,-0.4743258521037861,-0.38447464817852084,2
888,1,1,0,-0.7948411335032486,-0.4751990812099552,-0.4743258521037861,-0.0422126047899606,2
889,0,3,0,-0.10133993241760961,0.4313502389523841,2.006119339191895,-0.1740841568014353,2
890,1,1,1,-0.2554513104366405,-0.4751990812099552,-0.4743258521037861,-0.0422126047899606,0
891,0,3,1,0.20688282362045216,-0.4751990812099552,-0.4743258521037861,-0.49017322040145855,1
